,Vehicle,fm,Mileage,lh,lc,mc,State
0,1,0.0,863.0,1.1,66.3,697.23,MS
1,2,10.0,4644.0,2.4,233.03,119.66,CA
2,3,15.0,16330.0,4.2,325.08,175.46,WI
3,4,0.0,13.0,1.0,66.64,0.0,OR
4,5,13.0,22537.0,4.5,328.66,175.46,AZ
5,6,21.0,40931.0,3.1,205.28,175.46,FL
6,7,11.0,34762.0,0.7,49.17,145.2,LA
7,8,5.0,11051.0,2.9,208.8,270.04,GA
8,9,8.0,7003.0,3.4,212.06,119.66,WA
9,10,1.0,11.0,0.7,44.43,0.0,PA
10,11,17.0,24879.0,3.5,260.29,119.66,TX
11,12,3.0,5339.0,3.2,236.93,440.13,LA
12,13,14.0,29782.0,10.0,695.1,228.12,FL
13,14,19.0,56111.0,2.0,116.0,183.31,OH
14,15,13.0,21946.0,3.8,312.36,175.46,MA
15,16,8.0,3101.0,3.1,220.61,119.66,VA
16,17,15.0,41965.0,0.9,66.25,119.66,OH
17,18,3.0,15365.0,2.0,158.94,175.46,CO
18,19,12.0,44865.0,4.9,319.51,119.66,FL
19,20,8.0,14025.0,1.4,87.42,1.85,NH
20,21,18.0,29987.0,2.6,182.17,128.21,IN
21,22,11.0,20694.0,2.3,194.48,119.66,CA
22,23,16.0,20879.0,0.2,10.57,0.0,MT
23,24,20.0,17503.0,4.1,308.6,119.66,NY
24,25,17.0,24568.0,4.8,373.44,119.66,TX
25,26,11.0,14400.0,2.1,145.79,119.66,UT
26,27,18.0,12220.0,0.8,66.93,119.66,MA
27,28,8.0,14319.0,1.9,141.1,119.66,VA
28,29,0.0,5.0,0.5,34.01,8.23,MA
29,30,10.0,34644.0,4.7,341.22,119.66,FL
30,31,17.0,24719.0,2.4,147.98,119.66,NY
31,32,4.0,13259.0,2.5,170.77,119.66,VA
32,33,6.0,12424.0,1.7,148.6,145.3,NJ
33,34,5.0,7702.0,2.7,165.97,323.31,MI
34,35,0.0,10.0,3.0,176.18,118.47,NY
35,36,9.0,15017.0,3.7,286.01,119.66,UT
36,37,17.0,19489.0,0.5,37.53,0.0,MA
37,38,7.0,5461.0,0.8,55.67,119.66,MN
38,39,5.0,11912.0,9.5,543.49,119.66,WI
39,40,8.0,20370.0,0.7,56.6,128.21,IL
40,41,4.0,3879.0,1.8,122.25,175.46,CA
41,42,17.0,20831.0,1.3,107.21,119.66,CT
42,43,3.0,4417.0,4.9,365.68,119.66,MN
43,44,6.0,6781.0,0.8,47.6,119.66,SC
44,45,4.0,6244.0,3.3,267.3,204.95,CA
45,46,22.0,41053.0,4.0,286.91,119.66,NC
46,47,13.0,7987.0,4.0,364.38,119.66,MA
47,48,15.0,13394.0,4.1,325.92,171.04,CA
48,49,6.0,7219.0,4.5,314.4,0.0,OH
49,50,1.0,1723.0,1.9,128.09,119.66,TX
50,51,3.0,2855.0,0.9,59.07,119.66,PA
51,52,15.0,17635.0,0.7,53.72,119.66,LA
52,53,19.0,14796.0,16.4,1268.21,276.5,NM
53,54,15.0,28904.0,1.4,93.68,119.66,ME
54,55,14.0,48247.0,2.9,196.37,369.16,TX
55,56,13.0,90325.0,0.8,50.85,119.66,MS
56,57,13.0,22603.0,2.6,166.55,118.47,SD
57,58,13.0,20740.0,4.2,295.94,181.93,FL
58,59,12.0,24008.0,4.1,255.84,119.66,NM
59,60,15.0,44338.0,0.8,55.53,175.46,ID
60,61,2.0,2424.0,1.8,129.41,119.66,TX
61,62,9.0,65383.0,15.4,1051.68,1193.46,TX
62,63,1.0,1659.0,1.6,97.29,119.66,TN
63,64,13.0,28305.0,1.3,107.1,175.46,CA
64,65,1.0,487.0,1.4,89.73,0.0,NE
65,66,19.0,42846.0,1.4,89.3,128.21,GA
66,67,1.0,1776.0,1.3,74.49,119.66,OH
67,68,22.0,28630.0,0.4,30.84,119.66,FL
68,69,21.0,49185.0,3.8,262.33,119.66,NC
69,70,10.0,22389.0,5.9,410.1,119.66,FL
70,71,8.0,80064.0,3.9,303.01,175.46,CA
71,72,4.0,14587.0,3.1,246.09,125.68,SC
72,73,16.0,36876.0,7.1,646.62,119.66,CA
73,74,11.0,33459.0,0.0,0.0,0.0,FL
74,75,2.0,4907.0,8.7,693.23,340.74,MO
75,76,9.0,30838.0,9.0,659.88,671.75,FL
76,77,0.0,4.0,1.5,117.41,0.0,GA
77,78,14.0,10481.0,1.5,110.4,119.66,VA
78,79,7.0,7863.0,1.2,95.48,119.66,MD
79,80,19.0,33146.0,2.6,205.42,119.66,LA
80,81,9.0,26962.0,2.6,207.18,119.66,MO
81,82,10.0,33543.0,3.5,287.7,175.46,MN
82,83,15.0,32672.0,5.2,413.92,311.89,MO
83,84,0.0,23.0,2.2,144.28,185.96,GA
84,85,8.0,14978.0,3.7,247.77,400.89,NY
85,86,11.0,7874.0,1.3,102.57,404.78,WA
86,87,7.0,12387.0,2.6,207.04,206.14,UT
87,88,13.0,62676.0,3.9,241.29,119.66,TX
88,89,0.0,14.0,3.0,202.0,118.36,AL
89,90,18.0,46505.0,3.2,229.02,119.66,FL
90,91,11.0,13359.0,2.4,164.4,119.66,CO
91,92,3.0,16054.0,1.3,77.92,358.93,IA
92,93,21.0,37693.0,14.3,871.43,401.1,MS
93,94,18.0,32320.0,2.6,206.4,119.66,SC
94,95,11.0,11558.0,1.4,121.71,119.66,CA
95,96,10.0,14951.0,3.5,224.24,119.66,TX
96,97,15.0,19145.0,7.0,531.26,180.29,AZ
97,98,2.0,6060.0,3.9,318.96,119.66,WA
98,99,0.0,235.0,1.3,76.55,118.36,OK
99,100,16.0,22157.0,3.1,225.37,128.21,GA
100,101,2.0,2841.0,0.7,46.62,125.29,TX
101,102,4.0,7104.0,1.9,142.64,119.66,TX
102,103,15.0,54704.0,5.9,392.47,119.66,FL
103,104,8.0,6682.0,3.7,245.15,0.0,IN
104,105,7.0,13062.0,4.0,245.46,119.66,FL
105,106,22.0,33096.0,2.9,244.35,162.05,FL
106,107,15.0,48917.0,7.2,520.37,175.46,OH
107,108,15.0,16559.0,1.5,103.4,119.66,TN
108,109,1.0,2702.0,4.8,283.98,379.53,MO
109,110,3.0,20309.0,6.8,514.19,175.46,TX
110,111,5.0,8476.0,4.8,312.99,119.66,FL
111,112,10.0,35021.0,1.4,74.57,119.66,SC
112,113,12.0,11959.0,2.7,218.94,12.71,AZ
113,114,9.0,18862.0,3.5,229.73,119.66,PA
114,115,11.0,22210.0,1.1,73.55,0.0,MI
115,116,4.0,17580.0,2.4,141.6,128.21,GA
116,117,14.0,17261.0,2.3,159.66,320.89,TX
117,118,8.0,16987.0,5.3,392.04,217.75,CT
118,119,5.0,30701.0,5.6,429.92,773.99,MI
119,120,20.0,43954.0,3.2,221.44,175.46,TX
120,121,10.0,14632.0,2.0,120.67,119.66,TN
121,122,15.0,20634.0,0.7,37.86,165.83,GA
122,123,9.0,22807.0,1.4,82.68,119.66,MN
123,124,5.0,13130.0,3.0,213.9,174.89,KS
124,125,9.0,5066.0,3.9,256.47,119.66,TX
125,126,15.0,17636.0,1.0,64.86,184.69,AL
126,127,9.0,14319.0,4.4,280.64,119.66,FL
127,128,16.0,28544.0,1.7,126.62,0.0,TX
128,129,14.0,42053.0,4.7,373.21,119.66,TX
129,130,18.0,32262.0,0.5,34.7,119.66,SC
130,131,20.0,63877.0,2.0,149.36,119.66,MA
131,132,19.0,20970.0,1.8,141.11,119.66,TX
132,133,12.0,11586.0,2.4,158.63,119.66,KS
133,134,5.0,9377.0,4.5,308.22,119.66,CO
134,135,7.0,17500.0,3.9,299.34,119.66,AZ
135,136,0.0,10.0,0.8,54.11,0.0,CA
136,137,13.0,23723.0,2.0,133.65,175.46,TX
137,138,18.0,23882.0,5.3,453.59,0.0,CA
138,139,8.0,25089.0,4.8,365.6,175.45,TX
139,140,12.0,34795.0,4.6,391.0,338.48,CO
140,141,16.0,51253.0,0.0,0.0,0.0,IN
141,142,1.0,574.0,1.9,151.29,119.66,UT
142,143,14.0,41967.0,3.3,232.21,119.66,TX
143,144,2.0,2016.0,1.5,106.44,175.45,CO
144,145,9.0,7065.0,2.4,169.52,119.66,OH
145,146,8.0,15047.0,5.3,453.59,119.66,CA
146,147,1.0,515.0,10.4,813.1,276.89,WA
147,148,4.0,6645.0,1.7,124.54,119.66,OR
148,149,2.0,2965.0,1.3,89.46,119.66,OH
149,150,6.0,17642.0,3.5,297.5,426.67,CO
150,151,16.0,58110.0,5.6,353.55,119.66,TX
151,152,9.0,35616.0,0.7,46.84,133.32,TX
152,153,0.0,178.0,2.0,157.8,9.55,TX
153,154,18.0,35299.0,2.3,172.8,119.66,OK
154,155,11.0,64935.0,4.8,351.88,486.54,FL
155,156,13.0,26224.0,4.1,261.51,119.66,FL
156,157,11.0,23614.0,1.6,140.21,119.66,MN
157,158,12.0,42660.0,0.7,37.8,126.04,MO
158,159,14.0,50039.0,1.1,71.61,160.19,OH
159,160,16.0,17156.0,4.2,372.54,128.21,IL
160,161,7.0,24984.0,4.8,310.24,119.66,TX
161,162,9.0,40878.0,8.6,425.87,1004.68,AR
162,163,3.0,15975.0,1.3,99.14,8.11,NY
163,164,9.0,27850.0,3.3,231.0,175.46,OH
164,165,14.0,25922.0,1.5,121.01,201.7,PA
165,166,13.0,27483.0,0.7,42.98,128.21,GA
166,167,5.0,33287.0,3.8,243.2,119.66,FL
167,168,15.0,45045.0,1.0,59.62,119.66,NC
168,169,7.0,15843.0,10.2,519.81,169.34,TN
169,170,18.0,31253.0,3.4,287.08,119.66,CO
170,171,19.0,32189.0,5.2,418.74,175.46,AZ
171,172,5.0,24654.0,2.5,175.56,119.66,LA
172,173,1.0,5512.0,1.6,106.44,119.66,TN
173,174,9.0,30053.0,3.6,304.42,119.66,CA
174,175,8.0,75554.0,4.3,273.34,128.21,GA
175,176,8.0,4287.0,3.0,222.59,404.78,FL
176,177,4.0,5365.0,2.2,128.01,118.47,MI
177,178,10.0,17204.0,1.2,78.92,137.55,TX
178,179,1.0,2402.0,4.1,334.18,203.14,CO
179,180,8.0,23937.0,5.2,317.0,261.94,TX
180,181,11.0,29004.0,0.9,51.45,119.66,TN
181,182,11.0,31319.0,1.1,90.72,0.0,CT
182,183,2.0,2943.0,5.9,359.66,119.66,TX
183,184,6.0,8096.0,9.2,957.81,149.45,CA
184,185,12.0,27223.0,2.6,208.0,119.66,MO
185,186,14.0,28145.0,0.8,50.19,128.21,IL
186,187,17.0,29406.0,4.0,293.21,175.46,LA
187,188,9.0,11418.0,5.0,376.64,206.14,FL
188,189,12.0,45366.0,6.9,529.27,175.46,TX
189,190,19.0,24244.0,1.6,125.48,0.0,MN
190,191,18.0,43203.0,8.5,526.15,207.87,TN
191,192,8.0,32021.0,7.4,575.72,317.72,TX
192,193,3.0,3526.0,3.2,233.57,119.66,LA
193,194,15.0,65090.0,2.9,188.99,175.46,TX
194,195,0.0,362.0,5.0,340.5,118.36,OH
195,196,9.0,50146.0,1.7,117.47,119.66,MI
196,197,10.0,55273.0,2.1,145.11,175.46,MI
197,198,8.0,51431.0,2.1,165.91,119.66,OR
198,199,2.0,4406.0,5.6,421.28,188.0,GA
199,200,16.0,28085.0,1.1,92.87,0.0,CA
200,201,12.0,21189.0,1.3,105.64,119.66,CA
201,202,10.0,16189.0,4.4,294.8,119.66,TX
202,203,3.0,12841.0,0.0,0.0,0.0,SC
203,204,11.0,19143.0,5.5,470.71,259.76,CA
204,205,13.0,38255.0,9.0,628.93,421.41,OR
205,206,14.0,35191.0,1.5,118.51,175.46,MO
206,207,7.0,19740.0,9.0,655.2,905.76,TX
207,208,11.0,7729.0,1.6,116.17,119.66,OH
208,209,16.0,49572.0,1.0,50.4,284.02,MT
209,210,11.0,27623.0,1.7,117.91,206.14,LA
210,211,1.0,850.0,2.6,146.14,400.38,TX
211,212,20.0,33874.0,2.4,194.63,119.66,FL
212,213,14.0,21610.0,3.5,171.56,119.66,OH
213,214,6.0,9419.0,0.0,0.0,0.0,VA
214,215,11.0,16760.0,0.9,61.2,119.66,TX
215,216,17.0,37918.0,3.3,224.09,128.21,IN
216,217,13.0,6321.0,4.2,413.68,161.96,NJ
217,218,15.0,13369.0,3.8,308.16,596.59,CA
218,219,9.0,28141.0,4.9,382.77,369.16,TX
219,220,14.0,19928.0,2.9,214.85,175.46,TN
220,221,15.0,35989.0,12.3,863.7,433.77,TX
221,222,7.0,23570.0,0.8,58.75,175.46,NC
222,223,10.0,28399.0,0.7,54.53,123.72,NY
223,224,4.0,23172.0,6.9,394.11,1255.49,TX
224,225,17.0,38149.0,14.6,885.34,2800.19,GA
225,226,19.0,17879.0,1.7,121.2,175.46,FL
226,227,8.0,8847.0,2.8,203.35,119.66,ID
227,228,20.0,44797.0,1.4,103.78,128.21,IL
228,229,8.0,51948.0,6.4,407.57,718.72,NC
229,230,8.0,9085.0,1.0,67.7,119.66,OH
230,231,8.0,12276.0,4.9,292.89,119.66,TX
231,232,13.0,67446.0,5.0,386.97,471.7,TX
232,233,21.0,7465.0,2.6,193.11,119.66,CO
233,234,17.0,5988.0,3.6,227.88,119.66,AZ
234,235,18.0,11251.0,4.3,273.34,128.21,GA
235,236,3.0,2921.0,8.7,530.27,118.36,TX
236,237,12.0,42810.0,2.3,172.85,127.11,FL
237,238,11.0,17437.0,1.2,83.11,175.46,KY
238,239,3.0,7476.0,1.9,118.6,118.36,KS
239,240,7.0,20895.0,6.8,533.37,235.66,CO
240,241,4.0,40281.0,0.2,11.84,128.21,GA
241,242,12.0,26527.0,3.3,223.46,119.66,TX
242,243,5.0,16420.0,0.5,28.5,119.66,MI
243,244,4.0,21607.0,0.0,0.0,0.0,AL
244,245,12.0,11700.0,1.4,99.91,128.21,IN
245,246,19.0,45544.0,5.6,410.9,181.93,TX
246,247,0.0,641.0,0.7,48.55,119.66,LA
247,248,18.0,65844.0,5.0,387.81,119.66,FL
248,249,1.0,277.0,5.0,321.05,0.0,FL
249,250,14.0,14911.0,2.6,160.25,119.66,NC
250,251,18.0,17895.0,3.1,230.67,119.66,FL
251,252,0.0,11.0,2.4,204.15,0.0,CA
252,253,1.0,478.0,1.4,89.89,119.66,FL
253,254,7.0,58644.0,1.7,117.99,128.21,IN
254,255,20.0,57564.0,5.4,405.7,1218.63,NC
255,256,10.0,20844.0,1.3,94.51,128.21,GA
256,257,11.0,62086.0,0.0,0.0,0.0,TX
257,258,7.0,25622.0,2.4,168.55,175.46,LA
258,259,7.0,64157.0,1.1,86.32,119.66,CA
259,260,14.0,16749.0,2.6,203.84,128.21,GA
260,261,11.0,25054.0,2.3,164.61,119.66,TX
261,262,12.0,31716.0,2.3,196.62,119.66,CA
262,263,10.0,57945.0,1.0,72.7,220.87,GA
263,264,3.0,8622.0,5.5,335.29,175.46,TX
264,265,12.0,31558.0,2.9,230.27,175.46,TX
265,266,18.0,3.0,3.6,234.74,119.66,FL
266,267,14.0,98508.0,2.1,137.91,175.46,NC
267,268,6.0,5304.0,5.3,453.59,119.66,CA
268,269,13.0,20042.0,2.1,139.86,0.0,TX
269,270,6.0,21675.0,1.2,81.84,119.66,CO
270,271,2.0,1705.0,1.4,109.58,128.21,GA
271,272,15.0,51924.0,1.3,105.13,119.66,CA
272,273,11.0,30027.0,3.3,200.85,259.76,OH
273,274,4.0,25296.0,1.3,89.81,128.21,IN
274,275,10.0,15222.0,1.0,74.43,119.66,NM
275,276,17.0,23061.0,5.3,453.59,119.66,CA
276,277,11.0,19090.0,4.0,268.0,119.66,TX
277,278,16.0,41237.0,2.5,143.48,119.66,SC
278,279,4.0,7057.0,2.6,173.4,175.46,TX
279,280,16.0,37799.0,4.8,337.9,119.66,TX
280,281,6.0,4621.0,2.6,179.4,119.66,CO
281,282,0.0,168.0,1.3,82.55,119.66,OK
282,283,8.0,20506.0,10.8,722.0,322.18,TX
283,284,14.0,24921.0,5.0,315.67,119.66,TX
284,285,18.0,34699.0,1.3,96.46,175.46,FL
285,286,8.0,32410.0,1.9,142.63,121.1,TX
286,287,5.0,49015.0,4.8,343.76,206.14,FL
287,288,5.0,5403.0,5.6,401.06,119.66,FL
288,289,1.0,4381.0,0.9,55.32,118.36,LA
289,290,8.0,22502.0,0.7,45.64,150.74,MO
290,291,12.0,31010.0,6.5,448.46,500.79,TX
291,292,17.0,68641.0,4.3,305.3,425.6,TX
292,293,16.0,26695.0,4.4,327.73,215.84,TX
293,294,12.0,26454.0,2.7,172.07,261.94,FL
294,295,19.0,51918.0,1.0,75.49,119.66,TX
295,296,8.0,18532.0,6.3,384.05,374.03,TX
296,297,3.0,6080.0,1.4,100.65,118.36,TX
297,298,11.0,18302.0,3.8,261.93,322.18,TN
298,299,16.0,63217.0,1.5,99.3,119.66,TX
299,300,2.0,8228.0,2.0,148.02,119.66,LA
300,301,1.0,1047.0,1.3,83.57,117.18,AR
301,302,14.0,22647.0,1.0,81.39,119.66,CA
302,303,0.0,337.0,0.8,46.55,119.66,AR
303,304,15.0,30746.0,1.3,106.35,175.46,AZ
304,305,13.0,17185.0,1.9,141.77,192.71,MS
305,306,17.0,29830.0,2.2,158.43,119.66,TX
306,307,12.0,37841.0,4.4,315.95,175.46,TX
307,308,15.0,27918.0,8.6,541.01,1074.62,TN
308,309,13.0,20516.0,0.0,0.0,0.0,CA
309,310,13.0,39798.0,0.0,0.0,0.0,TX
310,311,8.0,2076.0,13.1,1121.1,1351.46,CA
311,312,1.0,356.0,0.2,13.41,0.0,AL
312,313,9.0,14660.0,3.2,316.85,119.66,CA
313,314,7.0,19274.0,3.7,292.33,119.66,MO
314,315,7.0,9503.0,1.4,104.07,175.46,MA
315,316,5.0,6696.0,2.5,169.29,119.66,TX
316,317,14.0,32713.0,0.7,60.96,140.45,CA
317,318,14.0,35138.0,3.7,259.97,175.46,TX
318,319,13.0,11612.0,0.2,14.4,1.86,CA
319,320,0.0,35.0,0.6,45.42,0.0,OR
320,321,12.0,18158.0,3.5,245.59,119.66,SC
321,322,15.0,48945.0,1.9,123.88,119.66,MO
322,323,14.0,18453.0,0.0,0.0,0.0,MD
323,324,18.0,18453.0,0.5,39.25,119.66,MD
324,325,10.0,36663.0,3.5,240.86,119.66,TX
325,326,12.0,15530.0,5.6,399.58,214.89,IN
326,327,10.0,18179.0,0.8,60.61,118.47,CA
327,328,7.0,10320.0,1.4,99.78,206.14,WY
328,329,3.0,9111.0,4.8,307.2,119.66,FL
329,330,8.0,6074.0,4.3,282.75,0.0,SC
330,331,3.0,13540.0,6.2,492.17,0.0,SC
331,332,21.0,10012.0,4.9,419.31,175.46,CA
332,333,8.0,10923.0,3.1,231.98,119.66,AZ
333,334,19.0,23786.0,2.1,149.59,0.0,CA
334,335,16.0,25313.0,7.5,622.72,183.16,NV
335,336,7.0,18048.0,1.8,140.45,206.14,CA
336,337,11.0,13800.0,2.3,153.78,119.66,VT
337,338,17.0,35596.0,1.5,115.89,119.66,OR
338,339,1.0,1512.0,4.4,276.9,119.66,FL
339,340,12.0,11976.0,2.5,205.0,119.66,NM
340,341,10.0,23054.0,2.9,196.38,206.14,TX
341,342,14.0,10870.0,2.9,175.44,119.66,NY
342,343,10.0,17464.0,3.7,236.8,119.66,OR
343,344,10.0,29248.0,3.0,274.62,119.66,AK
344,345,8.0,25478.0,3.0,208.41,0.0,PA
345,346,1.0,1214.0,0.7,53.39,25.72,MD
346,347,12.0,16814.0,4.0,274.0,322.18,KY
347,348,10.0,31348.0,2.1,135.3,119.66,PA
348,349,12.0,28365.0,7.9,665.73,238.26,AZ
349,350,10.0,8660.0,2.1,134.22,119.66,NY
350,351,11.0,31050.0,3.6,302.4,175.46,MO
351,352,16.0,48424.0,7.7,564.04,179.79,OR
352,353,14.0,27284.0,4.6,356.62,119.66,MI
353,354,21.0,30855.0,3.7,311.75,119.66,AZ
354,355,8.0,15194.0,1.7,122.4,175.46,TX
355,356,4.0,8123.0,2.1,133.96,174.27,ID
356,357,9.0,26712.0,5.9,444.11,206.14,TX
357,358,20.0,14469.0,1.0,81.17,119.66,CA
358,359,0.0,82.0,3.3,213.15,119.66,TX
359,360,12.0,27035.0,2.1,152.51,119.66,ID
360,361,1.0,221.0,1.6,114.57,118.36,FL
361,362,11.0,45077.0,1.2,93.82,119.66,WA
362,363,17.0,63821.0,1.6,125.1,175.46,WA
363,364,12.0,32601.0,4.9,379.79,119.66,AZ
364,365,11.0,14304.0,1.6,105.66,119.66,MA
365,366,7.0,7102.0,2.1,143.34,119.66,SC
366,367,21.0,35892.0,2.1,153.94,119.66,FL
367,368,10.0,13190.0,2.8,189.61,119.66,TX
368,369,10.0,11788.0,1.9,153.26,119.66,CA
369,370,14.0,34456.0,0.6,45.82,119.66,CA
370,371,12.0,46312.0,9.6,717.12,997.84,MI
371,372,5.0,1133.0,4.4,381.46,206.14,CA
372,373,7.0,29009.0,4.7,249.87,404.78,PA
373,374,14.0,48876.0,4.8,278.4,181.21,NE
374,375,0.0,15.0,1.9,199.45,119.66,CA
375,376,7.0,15204.0,4.5,331.54,119.66,TX
376,377,15.0,27839.0,3.0,231.02,119.66,TX
377,378,8.0,22841.0,4.8,378.72,204.94,TX
378,379,8.0,35190.0,5.4,406.23,128.21,IN
379,380,7.0,12132.0,3.4,283.32,175.46,CO
380,381,4.0,5780.0,3.5,259.12,174.27,CA
381,382,15.0,51018.0,1.8,119.16,121.54,TX
382,383,19.0,29278.0,1.7,116.45,119.66,OR
383,384,9.0,16767.0,4.3,360.7,322.18,CA
384,385,18.0,40880.0,5.9,521.07,119.66,CO
385,386,17.0,72566.0,9.5,527.75,896.81,NE
386,387,16.0,24324.0,1.3,99.06,272.34,ID
387,388,20.0,49860.0,6.7,533.99,175.46,TX
388,389,3.0,3416.0,2.9,200.32,119.66,FL
389,390,1.0,615.0,2.6,192.92,175.46,FL
390,391,4.0,6822.0,3.1,220.06,119.66,WA
391,392,11.0,10401.0,3.4,246.93,119.66,ID
392,393,5.0,6021.0,2.7,199.04,369.16,CA
393,394,13.0,23472.0,0.8,53.04,119.66,NV
394,395,0.0,10.0,3.6,308.47,117.18,CA
395,396,12.0,6724.0,6.7,529.02,119.66,OR
396,397,22.0,55262.0,4.1,306.8,119.66,FL
397,398,18.0,18543.0,3.0,232.58,119.66,AZ
398,399,3.0,8370.0,5.1,400.66,118.47,AZ
399,400,1.0,2361.0,3.6,272.25,322.91,TX
400,401,5.0,15683.0,0.8,45.87,119.66,KS
401,402,1.0,1336.0,3.6,284.42,175.46,MO
402,403,7.0,6136.0,2.0,216.77,175.46,CA
403,404,7.0,12882.0,1.7,108.57,119.66,FL
404,405,2.0,2158.0,4.3,298.39,119.66,FL
405,406,5.0,3377.0,3.3,255.09,119.66,UT
406,407,1.0,218.0,3.4,266.13,119.66,AZ
407,408,12.0,14282.0,0.9,72.57,119.66,OR
408,409,2.0,1591.0,3.2,253.86,175.46,CA
409,410,20.0,55590.0,1.8,121.32,175.46,TX
410,411,20.0,40360.0,1.4,223.7,119.66,MO
411,412,11.0,14742.0,3.7,243.3,231.76,WI
412,413,7.0,3618.0,3.4,229.07,175.45,OR
413,414,0.0,56.0,3.8,253.08,119.66,TX
414,415,21.0,46519.0,2.1,166.75,175.46,TX
415,416,6.0,13923.0,3.0,200.07,119.66,FL
416,417,23.0,66848.0,1.3,107.36,128.21,GA
417,418,2.0,5240.0,1.3,79.86,118.36,NM
418,419,11.0,19585.0,1.2,91.64,55.8,CA
419,420,6.0,8036.0,1.7,125.32,0.0,CA
420,421,7.0,8669.0,2.6,191.67,119.66,CA
421,422,8.0,19080.0,7.5,628.55,1219.02,CA
422,423,5.0,7200.0,5.4,519.13,175.46,NY
423,424,14.0,28782.0,0.2,16.6,119.66,UT
424,425,0.0,7.0,2.9,226.99,345.2,GA
425,426,16.0,8583.0,1.0,68.5,119.66,TX
426,427,8.0,19618.0,0.7,56.88,164.08,CO
427,428,8.0,17917.0,1.0,75.13,119.66,CT
428,429,5.0,19424.0,1.2,54.5,175.46,ND
429,430,0.0,50.0,2.3,186.3,121.52,MA
430,431,3.0,6235.0,1.0,75.41,119.66,TX
431,432,11.0,17197.0,2.0,139.97,236.65,PA
432,433,21.0,43308.0,3.7,237.4,357.02,NC
433,434,11.0,20746.0,6.7,512.59,178.26,FL
434,435,9.0,19296.0,1.7,133.33,175.46,MN
435,436,3.0,3173.0,1.8,136.26,119.66,MN
436,437,7.0,15869.0,6.7,395.41,128.21,GA
437,438,12.0,35817.0,5.9,440.37,175.46,FL
438,439,22.0,26785.0,2.7,190.6,119.66,TX
439,440,18.0,14262.0,8.1,591.59,284.02,AZ
440,441,14.0,13371.0,3.6,388.56,119.66,CA
441,442,0.0,116.0,1.3,92.3,119.66,TX
442,443,10.0,31748.0,3.7,295.21,325.88,MI
443,444,8.0,9364.0,2.4,198.87,206.14,CA
444,445,6.0,6200.0,4.8,310.24,119.66,TX
445,446,6.0,17624.0,2.4,198.38,119.66,MA
446,447,14.0,16262.0,1.8,112.85,119.66,MO
447,448,4.0,5954.0,1.3,119.0,119.66,AK
448,449,0.0,213.0,4.6,334.54,118.47,TX
449,450,9.0,29453.0,2.0,156.72,128.21,GA
450,451,2.0,2133.0,4.3,331.61,119.66,WA
451,452,2.0,4096.0,2.0,158.73,119.66,MN
452,453,12.0,35257.0,9.0,666.56,77.16,AL
453,454,3.0,15493.0,1.3,78.73,119.66,TX
454,455,16.0,75392.0,1.6,100.36,119.66,TX
455,456,4.0,16251.0,1.9,128.37,213.84,TX
456,457,13.0,38479.0,2.9,199.28,119.66,FL
457,458,18.0,66417.0,3.5,220.5,175.46,KS
458,459,11.0,19780.0,0.7,55.52,127.6,NV
459,460,10.0,7890.0,4.9,358.84,128.21,GA
460,461,7.0,26245.0,0.7,56.76,132.89,NM
461,462,19.0,43649.0,0.9,67.32,119.66,MI
462,463,15.0,34520.0,2.8,200.58,119.66,MI
463,464,7.0,15000.0,6.1,444.47,213.35,FL
464,465,4.0,8122.0,2.5,155.65,175.46,MI
465,466,10.0,47357.0,4.9,319.51,156.01,TX
466,467,13.0,4120.0,1.9,169.26,119.66,CA
467,468,14.0,24600.0,4.2,284.41,282.68,TX
468,469,21.0,18879.0,3.0,214.98,284.02,MI
469,470,0.0,17.0,0.7,56.46,158.6,NJ
470,471,4.0,3776.0,4.3,303.15,119.66,AZ
471,472,11.0,9890.0,1.6,150.66,119.66,HI
472,473,22.0,35407.0,3.6,280.8,175.46,OH
473,474,16.0,41944.0,4.7,278.36,119.66,TX
474,475,8.0,26646.0,2.5,217.71,119.66,MN
475,476,22.0,40606.0,5.0,387.81,175.46,FL
476,477,1.0,238.0,4.8,336.45,172.38,OH
477,478,10.0,30068.0,7.4,525.4,956.62,TX
478,479,11.0,5993.0,2.9,224.17,119.66,UT
479,480,1.0,357.0,0.0,0.0,0.0,NH
480,481,12.0,36051.0,1.7,116.12,119.66,VA
481,482,1.0,398.0,3.4,254.53,119.66,TX
482,483,3.0,5867.0,1.5,72.85,128.21,GA
483,484,9.0,18143.0,4.9,382.77,370.5,TX
484,485,8.0,16333.0,3.1,204.89,57.55,ID
485,486,12.0,14719.0,4.2,319.88,119.66,ID
486,487,5.0,18760.0,1.5,120.31,206.14,CA
487,488,18.0,31342.0,0.2,16.11,119.66,AZ
488,489,8.0,25421.0,3.0,232.53,119.66,AZ
489,490,9.0,18101.0,4.4,319.07,119.66,ND
490,491,12.0,21881.0,5.8,496.38,119.66,CA
491,492,9.0,29279.0,2.7,216.0,55.8,MO
492,493,6.0,7726.0,2.3,142.6,175.46,OH
493,494,20.0,28602.0,1.8,127.25,280.66,IL
494,495,12.0,47936.0,4.8,357.52,119.66,TX
495,496,11.0,63003.0,1.8,139.17,119.66,MN
496,497,1.0,140.0,1.6,104.16,119.66,TX
497,498,4.0,3813.0,2.1,140.06,142.98,TX
498,499,12.0,45196.0,1.9,140.82,119.66,UT
499,500,11.0,22278.0,5.2,396.39,119.66,TX
500,501,7.0,6904.0,1.6,105.07,119.66,NC
501,502,12.0,32280.0,0.9,53.76,178.07,AL
502,503,11.0,14260.0,3.0,233.4,284.02,TX
503,504,11.0,20632.0,1.8,167.6,119.66,NJ
504,505,12.0,40558.0,1.1,56.4,119.66,FL
505,506,5.0,10664.0,2.4,175.49,119.66,OH
506,507,9.0,5992.0,2.9,224.17,119.66,UT
507,508,9.0,17000.0,0.0,0.0,0.0,UT
508,509,13.0,3900.0,0.7,55.65,119.66,CA
509,510,2.0,3958.0,4.0,240.53,227.11,GA
510,511,16.0,48600.0,2.1,132.96,128.21,IL
511,512,14.0,20646.0,9.5,744.37,489.52,MN
512,513,6.0,1766.0,2.7,211.96,119.66,WA
513,514,21.0,78534.0,5.7,418.92,175.46,TX
514,515,1.0,713.0,3.1,224.93,119.66,SD
515,516,9.0,14231.0,4.9,273.91,175.46,MN
516,517,1.0,822.0,3.8,257.13,125.42,MN
517,518,11.0,31211.0,3.7,266.09,119.66,NM
518,519,10.0,25156.0,0.9,65.93,119.66,OR
519,520,11.0,7521.0,4.6,366.28,119.66,UT
520,521,11.0,7626.0,4.8,382.21,329.42,UT
521,522,14.0,43328.0,3.0,253.5,322.18,MD
522,523,10.0,24236.0,2.3,204.47,175.46,AK
523,524,2.0,925.0,0.8,71.03,119.66,MN
524,525,2.0,3937.0,3.0,222.59,119.66,FL
525,526,15.0,74900.0,2.8,235.2,175.46,MO
526,527,13.0,20797.0,4.4,294.8,119.66,TX
527,528,7.0,12350.0,9.0,598.69,0.0,FL
528,529,11.0,34285.0,1.8,272.3,119.66,TX
529,530,7.0,9208.0,1.5,101.36,8.55,MT
530,531,13.0,36030.0,4.7,393.67,206.14,CO
531,532,15.0,59516.0,0.8,60.16,123.38,OH
532,533,6.0,16485.0,1.9,142.14,119.66,FL
533,534,19.0,62226.0,0.0,0.0,0.0,WA
534,535,9.0,27250.0,1.6,134.13,119.66,UT
535,536,9.0,27250.0,3.4,285.03,175.46,UT
536,537,16.0,48822.0,3.5,271.19,175.46,TX
537,538,7.0,12942.0,2.0,161.66,175.45,CA
538,539,16.0,27850.0,3.2,166.4,119.66,NE
539,540,4.0,5201.0,4.3,303.51,460.58,AZ
540,541,14.0,34000.0,2.4,193.59,123.38,MI
541,542,3.0,6442.0,1.5,120.31,206.14,CA
542,543,21.0,66801.0,4.8,385.96,175.46,TX
543,544,12.0,14012.0,5.7,477.87,119.66,CA
544,545,6.0,15895.0,1.9,151.97,175.46,CA
545,546,12.0,4835.0,1.5,140.03,119.66,CA
546,547,21.0,52983.0,1.0,79.7,175.46,LA
547,548,2.0,2035.0,1.2,87.72,119.95,CA
548,549,0.0,277.0,0.0,0.0,0.0,TX
549,550,12.0,7055.0,0.0,0.0,0.0,CA
550,551,16.0,33857.0,2.3,159.29,119.66,TX
551,552,4.0,7867.0,2.7,172.8,697.23,UT
552,553,12.0,27084.0,4.6,325.34,119.66,TX
553,554,2.0,3913.0,1.3,114.27,119.66,CA
554,555,13.0,54424.0,1.9,142.63,119.66,TX
555,556,15.0,23883.0,7.5,525.0,308.07,SC
556,557,18.0,34660.0,1.2,106.12,119.66,CO
557,558,10.0,29262.0,4.3,304.73,119.66,TX
558,559,9.0,10577.0,6.8,475.2,315.95,OR
559,560,15.0,51272.0,0.9,70.3,119.66,CA
560,561,1.0,1285.0,2.4,182.91,130.29,OR
561,562,17.0,37736.0,2.9,233.83,119.66,TX
562,563,19.0,23462.0,3.9,300.9,121.21,CA
563,564,16.0,16224.0,7.3,645.32,119.66,CA
564,565,16.0,56130.0,1.3,81.99,187.01,TX
565,566,3.0,6403.0,3.1,233.77,259.84,TX
566,567,16.0,22668.0,3.2,271.32,175.46,HI
567,568,0.0,4.0,2.6,173.13,118.36,TX
568,569,3.0,6059.0,2.9,222.92,119.66,UT
569,570,21.0,42141.0,2.9,224.17,119.66,UT
570,571,14.0,29676.0,2.6,228.82,119.66,MN
571,572,1.0,800.0,8.9,647.92,559.53,CA
572,573,5.0,4729.0,2.7,202.8,119.66,TX
573,574,4.0,3980.0,1.4,117.58,119.66,OR
574,575,4.0,7732.0,4.8,458.8,118.36,CA
575,576,16.0,9886.0,2.6,198.03,119.66,ID
576,577,10.0,17948.0,4.1,310.03,212.93,TX
577,578,11.0,10884.0,4.7,399.5,527.51,CO
578,579,5.0,2776.0,3.9,280.51,204.95,UT
579,580,2.0,1502.0,1.9,127.76,175.46,ID
580,581,3.0,3253.0,27.1,2263.12,3891.1,NJ
581,582,1.0,1945.0,0.5,25.43,119.66,MT
582,583,1.0,1244.0,3.8,284.48,119.66,TX
583,584,1.0,1048.0,3.9,291.97,282.68,TX
584,585,3.0,4951.0,4.4,337.12,119.66,TX
585,586,10.0,10288.0,4.6,356.54,119.66,AZ
586,587,17.0,31155.0,4.1,331.59,175.46,CA
587,588,7.0,45927.0,7.3,521.82,202.91,FL
588,589,13.0,21444.0,0.7,50.83,127.92,WI
589,590,13.0,25004.0,1.2,87.92,175.46,OR
590,591,9.0,14734.0,4.1,308.17,119.66,FL
591,592,5.0,10805.0,3.8,262.48,415.9,FL
592,593,20.0,36755.0,3.6,257.82,119.66,TN
593,594,14.0,51418.0,1.3,96.86,119.66,NC
594,595,17.0,50562.0,8.7,578.72,874.24,FL
595,596,21.0,51584.0,7.6,566.27,196.82,TX
596,597,8.0,9917.0,6.3,459.86,175.46,TX
597,598,4.0,2854.0,6.0,358.3,467.64,MI
598,599,22.0,60519.0,2.5,203.16,119.66,CO
599,600,3.0,4634.0,4.4,345.11,118.36,CO
600,601,13.0,26590.0,4.3,277.92,119.66,TX
601,602,1.0,24.0,2.0,142.47,119.66,TX
602,603,0.0,308.0,1.6,104.8,118.47,LA
603,604,3.0,7478.0,3.1,220.89,118.47,OK
604,605,0.0,699.0,2.2,162.1,119.66,TX
605,606,22.0,57724.0,4.2,326.65,175.46,TX
606,607,17.0,40683.0,3.3,253.68,175.46,TX
607,608,1.0,27.0,2.2,172.96,119.66,CO
608,609,3.0,6600.0,1.5,120.31,206.14,CA
609,610,1.0,2995.0,1.6,136.1,119.66,CA
610,611,12.0,32521.0,2.8,237.47,147.17,MD
611,612,12.0,35962.0,1.1,72.6,284.02,VA
612,613,6.0,24703.0,3.3,247.52,119.66,WA
613,614,1.0,8685.0,6.0,421.31,0.0,TX
614,615,8.0,22586.0,3.6,278.61,377.98,TX
615,616,12.0,23993.0,1.2,86.13,119.66,MA
616,617,4.0,1724.0,1.2,119.4,119.66,NY
617,618,12.0,12653.0,2.1,120.33,175.46,VA
618,619,3.0,1802.0,3.1,236.42,118.36,NY
619,620,5.0,3619.0,0.7,54.53,123.72,NY
620,621,10.0,19225.0,5.7,368.57,149.58,NH
621,622,4.0,4195.0,3.1,239.55,175.46,CA
622,623,1.0,1171.0,2.2,157.38,0.0,CO
623,624,19.0,25571.0,0.2,17.53,119.66,CA
624,625,7.0,10898.0,2.6,235.38,213.06,NJ
625,626,5.0,5692.0,0.7,56.68,119.66,MA
626,627,13.0,11829.0,7.7,552.8,1268.17,PA
627,628,15.0,28990.0,7.4,732.6,322.18,CA
628,629,16.0,22807.0,2.6,198.01,175.46,OR
629,630,12.0,33105.0,0.7,43.56,0.0,WV
630,631,19.0,42136.0,2.0,134.62,0.0,NY
631,632,6.0,20673.0,2.1,141.75,119.66,TN
632,633,17.0,9132.0,1.8,118.28,122.85,FL
633,634,2.0,4204.0,4.9,338.56,118.36,KY
634,635,16.0,37265.0,2.6,151.65,119.66,MO
635,636,21.0,51693.0,2.3,185.98,128.21,GA
636,637,0.0,3.0,0.3,19.04,0.0,PA
637,638,7.0,17533.0,1.3,108.89,119.66,CO
638,639,14.0,14407.0,5.3,453.59,119.66,CA
639,640,14.0,17854.0,0.8,41.91,119.66,PA
640,641,0.0,4.0,1.8,118.05,0.0,OR
641,642,0.0,38.0,3.8,297.44,126.81,GA
642,643,10.0,28134.0,1.8,112.62,119.66,ID
643,644,13.0,15996.0,0.2,16.22,119.66,GA
644,645,14.0,16092.0,3.0,177.35,0.0,IA
645,646,17.0,18330.0,4.6,356.54,119.66,AZ
646,647,18.0,40803.0,1.6,140.28,201.33,NJ
647,648,10.0,34822.0,3.0,217.88,119.66,ID
648,649,13.0,17817.0,4.2,325.1,119.66,VA
649,650,0.0,22.0,1.5,102.16,0.0,ID
650,651,3.0,11533.0,1.5,120.31,206.14,CA
651,652,1.0,721.0,1.3,91.15,119.66,SC
652,653,2.0,2255.0,0.0,0.0,0.0,CA
653,654,2.0,2255.0,1.1,74.4,0.0,CA
654,655,0.0,4.0,3.7,265.92,128.21,IN
655,656,0.0,26.0,3.4,261.35,119.66,UT
656,657,6.0,5158.0,5.7,354.91,404.78,NY
657,658,10.0,53308.0,1.7,125.26,204.94,TX
658,659,15.0,35977.0,3.3,206.34,0.0,TX
659,660,1.0,959.0,4.3,393.51,117.18,CA
660,661,9.0,20453.0,0.2,11.0,119.66,KY
661,662,6.0,3948.0,2.9,187.39,119.66,WA
662,663,14.0,38539.0,7.6,616.3,1396.04,GA
663,664,20.0,13823.0,3.8,229.96,206.24,PA
664,665,17.0,39270.0,0.9,57.45,119.66,LA
665,666,0.0,45.0,3.1,183.43,0.0,MI
666,667,2.0,2101.0,4.1,228.37,118.36,NY
667,668,12.0,13109.0,1.6,93.5,0.0,PA
668,669,4.0,10430.0,2.7,156.69,119.66,NC
669,670,6.0,30718.0,1.1,63.8,119.66,NE
670,671,2.0,3318.0,2.0,122.02,206.14,MI
671,672,16.0,43562.0,3.6,296.52,175.46,NC
672,673,15.0,21028.0,0.0,0.0,0.0,IN
673,674,10.0,13760.0,0.5,34.87,0.0,TX
674,675,13.0,63405.0,1.9,120.27,128.21,GA
675,676,10.0,41713.0,3.2,265.17,175.46,CA
676,677,9.0,16258.0,2.4,184.02,119.66,LA
677,678,0.0,12.0,0.7,44.8,34.3,FL
678,679,18.0,67903.0,2.5,151.67,175.46,KY
679,680,5.0,7320.0,1.5,82.31,0.0,NH
680,681,7.0,9968.0,4.3,263.91,175.46,VA
681,682,8.0,11820.0,1.4,96.59,119.66,VA
682,683,13.0,81617.0,11.5,814.91,320.98,OK
683,684,9.0,17632.0,2.8,219.6,119.66,OR
684,685,0.0,15.0,2.4,160.49,118.36,MI
685,686,1.0,406.0,5.8,449.54,119.66,CA
686,687,21.0,50865.0,1.0,66.5,119.66,FL
687,688,2.0,2493.0,32.4,1711.36,1824.26,AL
688,689,1.0,970.0,1.4,88.52,0.0,OH
689,690,0.0,11.0,1.9,126.61,118.36,SC
690,691,1.0,103.0,0.0,0.0,0.0,PA
691,692,5.0,4535.0,3.6,277.76,175.46,CA
692,693,9.0,9634.0,0.8,48.0,0.0,IA
693,694,16.0,9101.0,1.0,58.24,119.66,IA
694,695,18.0,36533.0,0.7,58.74,119.66,AZ
695,696,10.0,8798.0,8.6,721.24,119.66,VA
696,697,11.0,15350.0,2.4,182.78,119.66,OR
697,698,17.0,19300.0,2.2,137.44,175.46,MI
698,699,11.0,25974.0,1.4,90.54,0.0,NH
699,700,13.0,51919.0,9.4,560.53,450.54,OH
700,701,15.0,26720.0,5.3,453.59,119.66,CA
701,702,0.0,5.0,4.5,411.82,119.66,CA
702,703,3.0,4510.0,2.4,166.72,119.66,OR
703,704,1.0,3117.0,3.9,254.35,206.14,AZ
704,705,20.0,84505.0,1.6,121.88,237.06,FL
705,706,1.0,350.0,0.8,40.0,0.0,NC
706,707,1.0,251.0,4.9,334.7,119.66,SC
707,708,9.0,57308.0,7.5,474.75,214.33,AZ
708,709,2.0,7160.0,1.0,64.09,1.85,NE
709,710,4.0,3508.0,2.1,143.28,119.66,NY
710,711,0.0,105.0,1.2,57.5,118.36,KY
711,712,15.0,35782.0,2.6,218.74,119.66,MA
712,713,4.0,4653.0,1.6,112.14,118.36,FL
713,714,19.0,17892.0,7.9,476.37,283.87,NC
714,715,13.0,26042.0,1.8,120.96,175.46,OH
715,716,11.0,21378.0,1.4,61.76,119.66,OK
716,717,8.0,16173.0,2.3,169.78,119.66,OK
717,718,1.0,894.0,1.2,63.48,119.66,VA
718,719,8.0,17893.0,1.0,68.27,118.47,SC
719,720,1.0,190.0,2.6,166.57,118.36,LA
720,721,14.0,7696.0,0.8,77.92,119.66,CA
721,722,11.0,35963.0,8.2,612.23,540.71,FL
722,723,4.0,3718.0,2.3,156.4,119.66,FL
723,724,3.0,2863.0,2.4,163.2,119.66,FL
724,725,10.0,14118.0,0.8,58.75,119.66,NC
725,726,1.0,3100.0,1.6,124.98,369.16,TX
726,727,10.0,5092.0,2.3,140.02,175.46,TX
727,728,13.0,29437.0,0.5,41.75,188.0,IL
728,729,2.0,6899.0,2.5,195.69,128.21,GA
729,730,16.0,33466.0,6.1,395.78,119.66,AL
730,731,18.0,56707.0,3.8,262.33,175.46,NC
731,732,14.0,65449.0,2.9,232.69,225.07,CA
732,733,15.0,18475.0,2.2,183.11,119.66,CA
733,734,4.0,19123.0,0.5,28.27,0.0,GA
734,735,3.0,8830.0,2.9,277.15,119.66,CA
735,736,19.0,16710.0,6.6,631.19,118.47,CA
736,737,12.0,2960.0,3.3,255.78,119.66,AZ
737,738,11.0,18659.0,4.4,294.8,119.66,TX
738,739,18.0,32500.0,4.7,455.87,1305.53,CA
739,740,1.0,917.0,3.6,231.58,119.66,TX
740,741,20.0,35517.0,4.2,291.9,121.54,TX
741,742,1.0,345.0,0.8,59.41,119.66,VA
742,743,6.0,6773.0,0.8,59.76,119.66,MI
743,744,2.0,1923.0,1.4,112.0,0.0,CO
744,745,3.0,2945.0,4.5,322.92,119.66,ID
745,746,10.0,13934.0,4.0,276.78,119.66,FL
746,747,15.0,7854.0,3.0,222.59,175.46,FL
747,748,2.0,5249.0,2.4,187.85,128.21,GA
748,749,14.0,24657.0,3.1,226.65,0.0,AZ
749,750,1.0,159.0,5.1,353.91,119.66,FL
750,751,10.0,3099.0,2.0,142.47,119.66,AR
751,752,12.0,26285.0,4.2,328.09,119.66,TX
752,753,0.0,67.0,2.7,160.07,119.66,AL
753,754,18.0,22222.0,1.1,82.32,119.66,FL
754,755,7.0,40480.0,2.1,139.38,119.66,TX
755,756,7.0,13089.0,2.0,137.0,119.66,KY
756,757,2.0,22629.0,1.5,86.67,119.66,NM
757,758,1.0,15202.0,5.9,340.92,188.58,NM
758,759,17.0,64731.0,1.0,76.84,119.66,TX
759,760,3.0,11021.0,4.2,328.72,119.66,CO
760,761,8.0,26920.0,5.6,349.44,178.43,NM
761,762,14.0,27113.0,0.9,69.02,119.66,MO
762,763,17.0,21296.0,6.9,606.56,175.46,CA
763,764,10.0,20101.0,1.7,145.33,119.66,CA
764,765,9.0,19306.0,2.8,227.08,119.66,TN
765,766,19.0,30373.0,3.4,246.93,119.66,ID
766,767,8.0,18488.0,4.6,346.26,119.66,TX
767,768,5.0,7806.0,5.7,385.89,119.66,AL
768,769,1.0,1216.0,3.8,268.15,119.66,LA
769,770,11.0,16580.0,4.6,295.45,119.66,AZ
770,771,19.0,43361.0,4.6,279.61,261.94,TX
771,772,22.0,47232.0,1.6,120.0,175.46,TX
772,773,16.0,23927.0,2.5,182.53,119.66,VA
773,774,20.0,35178.0,1.7,137.99,119.66,CA
774,775,12.0,6747.0,1.6,122.78,119.66,LA
775,776,14.0,19332.0,2.8,231.65,55.8,WA
776,777,12.0,10752.0,5.9,499.17,207.69,CA
777,778,5.0,7931.0,12.8,943.0,326.51,TX
778,779,6.0,8395.0,0.5,33.97,119.66,TX
779,780,11.0,34597.0,6.3,467.5,119.66,TX
780,781,0.0,6.0,1.5,85.03,119.66,PA
781,782,10.0,29721.0,0.2,15.33,2.25,LA
782,783,10.0,26553.0,2.0,142.0,128.21,IL
783,784,14.0,19122.0,3.0,232.58,119.66,AZ
784,785,0.0,9.0,4.4,330.37,119.66,CA
785,786,10.0,27095.0,3.0,207.11,119.66,NC
786,787,8.0,10625.0,4.3,273.34,128.21,GA
787,788,8.0,3869.0,4.0,316.03,175.46,MO
788,789,4.0,4918.0,3.0,238.5,119.66,CA
789,790,5.0,6506.0,2.9,238.86,178.81,CA
790,791,14.0,8501.0,2.1,148.48,133.88,IL
791,792,0.0,10.0,1.9,104.25,118.47,IA
792,793,12.0,25481.0,2.0,161.68,573.59,TX
793,794,13.0,59782.0,1.8,121.62,119.66,WI
794,795,12.0,23179.0,2.7,191.32,175.46,TX
795,796,5.0,7352.0,5.3,421.67,175.46,TX
796,797,6.0,7437.0,1.9,118.69,119.66,NC
797,798,18.0,43656.0,13.5,938.37,185.27,FL
798,799,10.0,24246.0,0.8,64.0,119.66,TX
799,800,8.0,13365.0,1.0,64.3,128.21,GA
800,801,11.0,15427.0,0.7,55.78,119.66,MO
801,802,17.0,57735.0,1.4,112.33,184.53,AZ
802,803,19.0,62508.0,2.0,155.75,119.66,AZ
803,804,1.0,2101.0,2.8,213.39,342.29,OR
804,805,6.0,11532.0,0.5,42.35,119.66,CA
805,806,4.0,10344.0,3.4,234.85,408.66,FL
806,807,14.0,18809.0,2.5,207.75,119.66,CA
807,808,3.0,3899.0,0.9,59.94,119.66,IA
808,809,14.0,41544.0,9.0,671.97,404.14,FL
809,810,0.0,69.0,0.8,55.73,134.35,SC
810,811,2.0,7337.0,3.2,229.03,181.23,WI
811,812,13.0,29636.0,1.9,150.87,119.66,MI
812,813,6.0,3345.0,5.3,504.56,119.66,CA
813,814,19.0,25185.0,4.5,373.62,179.31,NV
814,815,11.0,19924.0,8.1,596.81,196.82,TX
815,816,2.0,3257.0,2.7,215.95,119.66,CA
816,817,1.0,295.0,1.1,85.14,119.66,TX
817,818,16.0,42324.0,0.8,44.0,119.66,TN
818,819,3.0,7781.0,1.9,101.87,119.66,KS
819,820,22.0,74103.0,13.0,783.26,1192.9,GA
820,821,20.0,12840.0,0.0,0.0,119.66,NV
821,822,2.0,7107.0,4.4,246.73,0.0,LA
822,823,11.0,16546.0,10.0,585.0,1081.24,FL
823,824,11.0,21704.0,3.0,222.62,436.63,TX
824,825,5.0,14302.0,3.5,227.63,374.03,SD
825,826,23.0,22101.0,2.7,179.1,119.66,FL
826,827,11.0,37006.0,2.6,180.09,119.66,FL
827,828,10.0,14003.0,0.2,12.55,151.58,TX
828,829,2.0,2626.0,1.4,97.98,119.66,MI
829,830,11.0,28800.0,1.3,92.6,119.66,LA
830,831,9.0,53454.0,13.4,827.87,80.9,AL
831,832,10.0,24876.0,2.5,188.18,119.66,TX
832,833,0.0,11.0,10.5,995.3,1079.96,CA
833,834,8.0,12627.0,5.5,419.07,0.0,MI
834,835,15.0,21281.0,3.0,249.09,175.46,CA
835,836,9.0,12886.0,2.9,232.17,119.66,CA
836,837,10.0,22728.0,4.2,328.09,119.66,TX
837,838,0.0,14.0,1.6,110.06,119.66,OH
838,839,10.0,46413.0,2.1,537.54,119.66,TX
839,840,17.0,29513.0,3.9,300.91,119.66,CA
840,841,5.0,4976.0,2.4,156.0,118.47,AR
841,842,1.0,3660.0,2.1,146.73,175.46,WI
842,843,16.0,8755.0,1.4,111.04,1.75,NV
843,844,6.0,5832.0,2.2,178.4,128.21,GA
844,845,1.0,725.0,3.8,268.15,119.66,LA
845,846,6.0,7289.0,2.9,194.32,206.14,MI
846,847,15.0,42789.0,1.3,90.44,119.66,CA
847,848,15.0,30096.0,4.1,301.83,175.46,TX
848,849,19.0,30742.0,3.8,262.33,119.66,NC
849,850,19.0,28867.0,2.8,168.94,188.0,IN
850,851,9.0,10171.0,5.8,496.38,119.66,CA
851,852,1.0,616.0,2.2,143.9,175.46,FL
852,853,0.0,176.0,2.2,156.71,119.66,TX
853,854,17.0,33616.0,3.9,290.48,0.0,TX
854,855,2.0,1000.0,2.8,197.97,119.66,SC
855,856,1.0,1178.0,0.8,39.04,0.0,IA
856,857,10.0,29357.0,3.3,191.71,174.27,LA
857,858,11.0,27429.0,0.8,59.47,190.68,TN
858,859,13.0,29058.0,1.5,113.42,175.46,PA
859,860,4.0,18308.0,0.7,43.03,128.21,GA
860,861,6.0,11763.0,1.2,77.65,119.66,PA
861,862,2.0,5986.0,0.5,44.68,119.66,AK
862,863,8.0,10391.0,0.0,0.0,0.0,TX
863,864,5.0,10070.0,1.6,89.28,317.75,MS
864,865,12.0,17236.0,7.1,545.48,175.46,TX
865,866,5.0,9375.0,3.8,226.69,332.68,MN
866,867,0.0,15.0,3.1,191.84,118.36,AL
867,868,2.0,3596.0,2.8,207.2,119.66,TN
868,869,20.0,38846.0,0.9,50.49,119.66,PA
869,870,7.0,7519.0,2.6,210.84,319.45,AZ
870,871,0.0,1.0,5.3,425.63,322.91,NJ
871,872,16.0,28810.0,2.9,217.52,119.66,WA
872,873,18.0,45808.0,0.2,14.03,136.36,TN
873,874,21.0,60202.0,1.9,130.29,119.66,WY
874,875,20.0,96933.0,8.2,519.59,399.28,TX
875,876,17.0,43007.0,2.0,152.33,175.46,LA
876,877,20.0,34345.0,7.6,525.22,196.82,FL
877,878,12.0,20635.0,7.8,558.43,175.46,FL
878,879,12.0,29661.0,5.2,322.4,128.21,GA
879,880,0.0,189.0,0.7,44.8,0.0,FL
880,881,19.0,27996.0,5.9,495.39,175.46,TX
881,882,0.0,42.0,1.9,132.49,119.66,TX
882,883,12.0,8587.0,1.1,80.76,119.66,NC
883,884,6.0,18584.0,1.6,109.58,119.66,AL
884,885,10.0,27859.0,5.8,496.38,119.66,CA
885,886,13.0,48349.0,2.5,175.33,119.66,OK
886,887,0.0,13.0,4.8,347.67,682.59,FL
887,888,21.0,40939.0,2.6,194.63,119.66,TX
888,889,8.0,23336.0,3.5,253.63,147.11,OK
889,890,8.0,27537.0,2.6,161.9,119.66,KY
890,891,5.0,10197.0,2.9,225.5,206.14,CA
891,892,5.0,7319.0,2.6,210.77,119.66,OR
892,893,2.0,6190.0,2.6,202.8,119.66,SD
893,894,7.0,14095.0,2.0,154.82,119.66,MO
894,895,11.0,14199.0,4.3,339.27,119.66,TX
895,896,4.0,8422.0,5.7,459.38,119.66,CA
896,897,0.0,91.0,3.1,167.36,119.66,FL
897,898,7.0,9286.0,1.4,109.36,119.66,CA
898,899,10.0,16001.0,18.7,1484.94,429.36,TX
899,900,13.0,42383.0,7.3,492.96,486.54,TX
900,901,16.0,38019.0,1.2,95.4,118.47,TX
901,902,17.0,38700.0,4.5,385.03,175.46,CA
902,903,17.0,11187.0,6.3,390.42,874.27,VA
903,904,12.0,25890.0,3.3,272.79,119.66,CA
904,905,15.0,31115.0,7.1,518.55,119.66,AZ
905,906,20.0,84254.0,0.5,36.83,119.66,CA
906,907,1.0,34.0,2.6,172.79,119.66,TX
907,908,13.0,22602.0,2.3,214.72,175.46,CA
908,909,4.0,2923.0,2.6,265.62,119.66,CA
909,910,4.0,4523.0,4.1,233.7,119.66,TX
910,911,0.0,3.0,4.3,353.73,126.81,IL
911,912,19.0,30759.0,5.2,385.84,119.66,FL
912,913,0.0,191.0,0.7,44.8,0.0,FL
913,914,7.0,18033.0,1.5,89.2,119.66,FL
914,915,14.0,35880.0,2.7,195.25,119.66,OK
915,916,17.0,31850.0,0.6,42.24,0.0,TX
916,917,11.0,10735.0,1.9,98.42,380.83,NC
917,918,10.0,16308.0,0.8,66.31,128.21,IN
918,919,21.0,21427.0,1.3,93.84,119.66,TX
919,920,3.0,3656.0,1.4,112.01,119.66,CA
920,921,6.0,17217.0,4.7,306.47,120.61,FL
921,922,0.0,136.0,2.0,154.26,119.66,CA
922,923,7.0,6834.0,1.2,100.0,119.66,CO
923,924,12.0,31527.0,4.0,315.6,284.02,TX
924,925,13.0,10612.0,1.4,104.58,119.66,MI
925,926,10.0,7299.0,1.8,122.09,119.66,MI
926,927,11.0,18504.0,1.6,96.43,206.14,SD
927,928,2.0,2844.0,5.3,397.95,119.66,AZ
928,929,11.0,16664.0,7.2,564.44,129.46,AZ
929,930,9.0,19139.0,12.9,862.4,1215.99,MI
930,931,0.0,4.0,1.3,101.76,126.81,GA
931,932,14.0,20782.0,5.0,384.36,175.46,TX
932,933,11.0,12366.0,5.3,453.59,119.66,CA
933,934,12.0,21369.0,6.5,485.31,119.66,FL
934,935,1.0,2758.0,1.5,114.24,119.66,MO
935,936,18.0,28965.0,7.7,574.9,322.18,FL
936,937,2.0,3264.0,4.5,383.23,128.21,IL
937,938,13.0,28981.0,4.1,288.62,119.66,TX
938,939,20.0,69115.0,3.6,264.21,136.91,OH
939,940,0.0,193.0,5.7,403.66,119.66,TX
940,941,21.0,44956.0,3.8,271.7,233.09,TX
941,942,5.0,14046.0,1.9,152.39,206.14,CA
942,943,10.0,18094.0,5.1,317.65,119.66,NC
943,944,14.0,41882.0,3.9,266.39,119.66,VA
944,945,0.0,2.0,1.7,123.95,118.36,MD
945,946,12.0,25106.0,1.0,61.87,119.66,MI
946,947,11.0,22587.0,2.3,173.12,119.66,TX
947,948,1.0,318.0,2.6,203.47,119.66,TX
948,949,0.0,45.0,4.2,255.06,118.36,MI
949,950,0.0,11.0,4.4,299.67,118.36,ID
950,951,0.0,26.0,5.0,359.03,119.66,TX
951,952,7.0,17730.0,3.9,253.43,119.66,TX
952,953,16.0,42766.0,3.2,239.31,123.38,TX
953,954,1.0,470.0,5.2,373.45,119.66,FL
954,955,13.0,32184.0,0.0,0.0,0.0,VA
955,956,7.0,31574.0,4.9,315.52,119.66,WI
956,957,21.0,28542.0,3.7,289.56,119.66,TX
957,958,18.0,28721.0,4.3,343.6,119.66,NV
958,959,17.0,22605.0,1.2,88.42,175.46,TX
959,960,22.0,29256.0,5.9,410.09,119.66,FL
960,961,17.0,49987.0,3.0,203.81,119.66,TX
961,962,5.0,11367.0,5.0,362.14,206.14,FL
962,963,6.0,25712.0,5.3,374.09,460.58,AZ
963,964,6.0,20031.0,20.6,1445.51,3063.24,SC
964,965,9.0,21300.0,0.8,47.2,119.66,SD
965,966,0.0,3.0,0.5,31.73,0.0,PA
966,967,11.0,21138.0,1.0,70.97,119.66,FL
967,968,2.0,4364.0,0.7,43.82,119.66,DE
968,969,1.0,734.0,2.2,171.16,206.14,TX
969,970,7.0,17813.0,9.0,694.8,233.41,MO
970,971,10.0,27353.0,1.6,89.28,119.66,MS
971,972,13.0,22756.0,2.4,223.46,334.15,NJ
972,973,10.0,23425.0,4.7,367.66,128.21,GA
973,974,12.0,44345.0,4.7,333.52,175.46,TX
974,975,18.0,19247.0,2.7,150.01,119.66,NE
975,976,10.0,18202.0,0.7,49.06,154.77,CA
976,977,12.0,9800.0,5.2,384.71,119.66,TX
977,978,19.0,22118.0,1.0,106.54,206.14,CA
978,979,7.0,16408.0,3.6,249.1,119.66,FL
979,980,15.0,16571.0,4.0,293.71,119.66,TX
980,981,7.0,8366.0,2.8,219.16,187.99,GA
981,982,6.0,9173.0,2.2,186.34,206.14,CA
982,983,13.0,16571.0,3.3,249.6,175.46,FL
983,984,1.0,1907.0,3.0,251.48,119.66,UT
984,985,22.0,62310.0,2.8,217.17,119.66,FL
985,986,21.0,29185.0,2.0,164.41,175.46,CA
986,987,21.0,37243.0,4.2,326.64,175.46,TX
987,988,3.0,656.0,0.9,64.11,138.62,TX
988,989,17.0,72292.0,1.7,86.21,175.46,TX
989,990,19.0,35583.0,1.4,105.1,175.46,TX
990,991,7.0,5548.0,4.6,348.09,261.93,AZ
991,992,13.0,24196.0,2.6,202.98,175.46,TX
992,993,10.0,15554.0,1.0,76.38,119.66,CA
993,994,4.0,5082.0,1.0,97.85,132.09,CA
994,995,17.0,24196.0,7.5,534.27,175.46,CA
995,996,17.0,34120.0,2.6,162.16,175.46,OK
996,997,4.0,12603.0,1.3,96.81,119.66,CA
997,998,22.0,26844.0,4.1,299.17,119.66,TX
998,999,14.0,35810.0,3.2,261.78,119.66,AZ
999,1000,13.0,34372.0,3.9,319.06,119.66,AZ
1000,1001,15.0,47151.0,1.5,106.74,119.66,TX
1001,1002,7.0,23890.0,4.3,281.15,119.66,AL
1002,1003,12.0,44188.0,3.9,276.9,119.66,NC
1003,1004,11.0,34251.0,3.0,233.26,175.46,AZ
1004,1005,18.0,44375.0,4.9,360.12,119.66,TX
1005,1006,16.0,21442.0,1.0,73.8,203.0,IL
1006,1007,14.0,28892.0,2.2,158.18,377.98,FL
1007,1008,13.0,20145.0,2.9,179.61,119.66,AL
1008,1009,10.0,29179.0,2.8,184.22,213.28,OK
1009,1010,12.0,6557.0,1.0,56.67,119.66,OR
1010,1011,16.0,34288.0,0.8,32.85,119.66,SD
1011,1012,13.0,19556.0,2.8,233.33,119.66,CA
1012,1013,2.0,753.0,3.9,268.18,128.21,GA
1013,1014,12.0,22255.0,2.6,180.71,0.0,FL
1014,1015,12.0,65327.0,0.8,55.68,119.66,LA
1015,1016,13.0,65985.0,9.1,698.07,225.54,LA
1016,1017,17.0,67507.0,0.0,0.0,0.0,IN
1017,1018,7.0,17000.0,7.9,619.32,119.66,AZ
1018,1019,14.0,28498.0,2.6,192.4,119.66,VA
1019,1020,13.0,27904.0,0.4,30.68,175.46,LA
1020,1021,11.0,29573.0,1.8,143.07,0.0,GA
1021,1022,16.0,54241.0,3.8,262.94,119.66,FL
1022,1023,6.0,16110.0,0.8,50.78,119.66,FL
1023,1024,3.0,5966.0,1.8,128.27,119.66,OK
1024,1025,4.0,7156.0,3.7,276.89,119.66,AZ
1025,1026,12.0,44749.0,5.4,346.5,175.46,LA
1026,1027,8.0,15299.0,3.5,280.2,175.46,CA
1027,1028,20.0,25663.0,2.9,197.99,119.66,FL
1028,1029,19.0,31571.0,3.6,255.6,119.66,NC
1029,1030,19.0,67567.0,1.5,87.75,119.66,FL
1030,1031,17.0,30698.0,5.9,363.65,303.75,NC
1031,1032,7.0,5176.0,5.5,460.65,380.83,CO
1032,1033,11.0,47809.0,1.2,71.02,119.66,MS
1033,1034,1.0,530.0,4.5,294.22,0.0,AL
1034,1035,12.0,13035.0,4.4,294.8,119.66,TX
1035,1036,3.0,4176.0,2.9,206.65,119.66,OK
1036,1037,1.0,1004.0,2.4,185.52,42.14,NV
1037,1038,22.0,30390.0,4.1,312.8,119.66,TX
1038,1039,15.0,12550.0,1.7,131.77,119.66,AZ
1039,1040,10.0,11349.0,3.8,257.31,206.14,TX
1040,1041,15.0,31341.0,3.5,240.0,119.66,WY
1041,1042,3.0,2972.0,2.7,202.7,119.66,OK
1042,1043,6.0,11930.0,3.0,236.7,175.46,TX
1043,1044,14.0,16307.0,4.4,323.08,119.66,TX
1044,1045,0.0,23.0,1.1,87.87,0.0,CO
1045,1046,0.0,103.0,0.2,12.36,0.0,SD
1046,1047,13.0,28641.0,4.6,336.57,175.46,KY
1047,1048,8.0,25538.0,4.9,311.28,119.66,WI
1048,1049,14.0,25021.0,1.7,126.68,15.16,CA
1049,1050,0.0,31.0,2.6,199.2,119.66,TX
1050,1051,13.0,45365.0,2.7,189.0,175.46,SC
1051,1052,10.0,17156.0,6.9,544.41,229.17,TX
1052,1053,11.0,12446.0,2.0,139.67,119.66,NC
1053,1054,12.0,16444.0,2.4,173.56,176.91,KY
1054,1055,18.0,49762.0,5.6,556.49,119.66,CA
1055,1056,3.0,5332.0,2.4,147.76,206.14,FL
1056,1057,7.0,39093.0,6.4,439.79,136.91,FL
1057,1058,17.0,31652.0,1.7,154.8,175.46,CA
1058,1059,16.0,70657.0,2.6,206.46,175.46,TX
1059,1060,16.0,22906.0,1.7,129.85,175.46,TX
1060,1061,10.0,25306.0,2.0,145.6,119.66,VA
1061,1062,8.0,26644.0,1.7,102.0,128.21,IL
1062,1063,9.0,15483.0,1.9,164.73,175.46,CA
1063,1064,7.0,15299.0,2.7,211.31,206.14,TX
1064,1065,12.0,26747.0,0.5,34.25,128.21,GA
1065,1066,5.0,12897.0,2.4,179.07,206.14,CA
1066,1067,19.0,43567.0,1.4,108.13,119.66,AZ
1067,1068,11.0,16743.0,17.6,1020.8,896.14,IA
1068,1069,22.0,26056.0,3.6,283.35,119.66,FL
1069,1070,9.0,32340.0,2.4,157.72,119.66,FL
1070,1071,2.0,2888.0,4.9,339.45,119.66,NC
1071,1072,0.0,137.0,0.8,51.2,0.0,FL
1072,1073,22.0,37354.0,4.3,329.22,119.66,TX
1073,1074,16.0,48295.0,0.8,55.36,119.66,CO
1074,1075,11.0,37752.0,5.5,378.2,256.23,OH
1075,1076,4.0,12065.0,1.5,106.34,119.66,CA
1076,1077,7.0,78799.0,1.2,82.73,119.66,TN
1077,1078,7.0,75310.0,1.9,130.96,119.66,TN
1078,1079,5.0,45021.0,2.7,186.1,119.66,TN
1079,1080,2.0,24769.0,4.7,312.68,282.68,TN
1080,1081,12.0,14279.0,1.2,97.0,119.66,TX
1081,1082,5.0,25789.0,3.8,272.74,119.66,FL
1082,1083,1.0,1526.0,0.7,53.51,149.03,TX
1083,1084,12.0,34120.0,5.7,460.61,322.18,TX
1084,1085,7.0,31078.0,0.7,46.46,123.57,TX
1085,1086,1.0,2277.0,3.8,248.42,119.66,TX
1086,1087,12.0,15545.0,1.8,143.04,119.66,TX
1087,1088,16.0,22952.0,1.3,128.7,119.66,CA
1088,1089,13.0,47488.0,2.3,195.5,322.18,CO
1089,1090,14.0,65200.0,5.5,378.26,284.02,OK
1090,1091,0.0,12.0,0.6,38.4,0.0,FL
1091,1092,6.0,12530.0,1.5,104.39,119.66,LA
1092,1093,8.0,18082.0,2.4,167.02,119.66,LA
1093,1094,11.0,53726.0,1.3,69.42,119.66,LA
1094,1095,13.0,31183.0,2.6,221.22,119.66,VA
1095,1096,14.0,17798.0,0.0,0.0,0.0,LA
1096,1097,15.0,23234.0,0.8,66.05,119.66,TX
1097,1098,21.0,53969.0,4.3,427.31,175.46,CA
1098,1099,11.0,24427.0,4.0,318.74,119.66,KS
1099,1100,5.0,13372.0,3.4,221.0,118.47,AR
1100,1101,13.0,26016.0,3.9,301.18,175.46,AZ
1101,1102,1.0,230.0,2.3,178.02,212.33,TX
1102,1103,19.0,45847.0,1.4,98.24,120.36,TX
1103,1104,6.0,4999.0,2.6,177.39,122.38,NY
1104,1105,5.0,17844.0,1.7,131.18,261.93,CA
1105,1106,2.0,1661.0,5.1,320.97,176.58,FL
1106,1107,0.0,13.0,3.7,259.33,119.66,OH
1107,1108,2.0,1485.0,1.5,95.79,119.66,FL
1108,1109,12.0,20908.0,4.0,303.4,119.66,TN
1109,1110,10.0,26922.0,5.0,283.69,175.46,MT
1110,1111,18.0,88350.0,2.9,190.2,119.66,OK
1111,1112,8.0,16319.0,5.4,416.5,119.66,NV
1112,1113,4.0,20615.0,3.4,197.51,119.66,LA
1113,1114,17.0,29223.0,4.6,335.68,175.46,LA
1114,1115,8.0,23116.0,4.9,283.5,175.46,SC
1115,1116,17.0,65568.0,2.5,176.67,206.14,FL
1116,1117,6.0,11000.0,1.0,63.47,162.05,TX
1117,1118,13.0,16371.0,1.2,92.05,119.66,LA
1118,1119,1.0,1079.0,0.8,58.16,128.21,GA
1119,1120,11.0,15793.0,1.0,81.1,126.04,CA
1120,1121,10.0,15571.0,2.8,227.09,119.66,CA
1121,1122,12.0,20837.0,2.8,173.6,119.66,SC
1122,1123,1.0,1369.0,1.0,81.1,128.21,GA
1123,1124,5.0,16068.0,2.3,153.18,119.66,TX
1124,1125,17.0,39682.0,3.2,257.3,119.66,TX
1125,1126,0.0,55.0,4.8,406.56,147.11,CA
1126,1127,0.0,66.0,7.5,658.18,119.66,CA
1127,1128,9.0,38300.0,8.2,582.87,121.65,NC
1128,1129,6.0,9872.0,0.9,62.82,119.66,OR
1129,1130,14.0,18122.0,5.3,453.59,119.66,CA
1130,1131,16.0,33963.0,1.9,116.61,128.21,GA
1131,1132,16.0,43420.0,0.9,66.6,119.66,LA
1132,1133,15.0,43717.0,2.9,160.47,175.46,SC
1133,1134,5.0,11790.0,1.2,78.95,119.66,OK
1134,1135,8.0,16093.0,1.3,116.18,119.66,CA
1135,1136,2.0,3461.0,6.1,520.5,119.66,CA
1136,1137,14.0,41890.0,4.9,368.34,175.46,TX
1137,1138,1.0,289.0,1.4,123.05,118.36,CA
1138,1139,9.0,9789.0,5.7,424.55,119.66,TX
1139,1140,9.0,4652.0,1.7,115.65,175.46,MT
1140,1141,4.0,3412.0,4.2,239.4,175.46,MN
1141,1142,12.0,30441.0,2.6,184.52,192.71,FL
1142,1143,12.0,20419.0,5.1,380.04,385.22,WI
1143,1144,20.0,35864.0,2.1,176.94,188.0,GA
1144,1145,8.0,23590.0,2.7,193.61,175.46,TX
1145,1146,9.0,11267.0,2.3,160.55,175.46,TX
1146,1147,7.0,15589.0,4.0,276.78,119.66,FL
1147,1148,11.0,12480.0,1.0,55.5,119.66,MS
1148,1149,11.0,48466.0,4.9,357.86,119.66,AZ
1149,1150,17.0,27820.0,1.5,105.32,119.66,TX
1150,1151,12.0,29774.0,3.4,227.12,243.65,TX
1151,1152,5.0,29504.0,0.7,45.57,119.66,TX
1152,1153,22.0,52671.0,2.3,232.06,175.46,TX
1153,1154,10.0,26178.0,2.1,131.18,119.66,KY
1154,1155,6.0,17339.0,2.7,202.77,119.66,TX
1155,1156,7.0,22845.0,3.9,326.85,119.66,CA
1156,1157,2.0,3844.0,4.4,263.19,119.66,OK
1157,1158,0.0,177.0,2.4,171.78,119.66,TX
1158,1159,10.0,32462.0,8.1,604.41,500.69,MS
1159,1160,0.0,12.0,0.7,44.8,0.0,FL
1160,1161,0.0,166.0,2.9,208.8,206.14,NM
1161,1162,3.0,9275.0,2.6,165.27,119.66,FL
1162,1163,1.0,2912.0,3.7,223.11,119.66,TX
1163,1164,5.0,20028.0,1.6,93.22,119.66,LA
1164,1165,0.0,260.0,0.7,47.55,175.46,TX
1165,1166,3.0,703.0,1.0,65.72,119.66,AL
1166,1167,14.0,12509.0,6.3,552.89,119.66,CA
1167,1168,7.0,5688.0,7.4,610.89,215.84,CA
1168,1169,0.0,6.0,1.3,94.2,118.36,TX
1169,1170,14.0,21018.0,7.1,518.55,119.66,AZ
1170,1171,1.0,435.0,5.1,395.3,0.0,CA
1171,1172,9.0,19028.0,2.2,160.96,119.66,FL
1172,1173,1.0,546.0,2.4,182.4,0.0,GA
1173,1174,10.0,24348.0,5.9,468.36,119.66,SC
1174,1175,3.0,835.0,0.8,52.61,166.53,OK
1175,1176,0.0,5.0,2.7,179.66,126.81,GA
1176,1177,15.0,18402.0,5.3,453.59,119.66,CA
1177,1178,19.0,25240.0,2.6,189.1,119.66,MS
1178,1179,11.0,7188.0,2.8,187.88,119.66,AL
1179,1180,0.0,6.0,1.0,62.2,119.66,FL
1180,1181,16.0,35099.0,6.7,573.4,832.02,CA
1181,1182,12.0,12005.0,3.1,252.29,118.47,AZ
1182,1183,18.0,18854.0,3.6,286.92,119.66,LA
1183,1184,7.0,12529.0,0.8,56.11,119.66,OK
1184,1185,3.0,2623.0,3.3,229.4,119.66,FL
1185,1186,0.0,43.0,0.8,48.03,128.21,GA
1186,1187,3.0,814.0,1.3,92.56,119.66,TX
1187,1188,1.0,1421.0,4.1,278.8,119.66,LA
1188,1189,9.0,22358.0,2.0,124.72,119.66,AL
1189,1190,0.0,225.0,0.8,57.36,119.66,TX
1190,1191,2.0,2414.0,1.6,115.53,119.66,FL
1191,1192,1.0,138.0,1.2,74.64,119.66,FL
1192,1193,19.0,48768.0,1.5,81.0,119.66,NC
1193,1194,2.0,2993.0,3.4,206.72,119.66,TX
1194,1195,11.0,19324.0,1.0,83.89,119.66,CA
1195,1196,19.0,52598.0,1.0,68.28,119.66,AL
1196,1197,9.0,24025.0,0.4,33.03,119.66,CA
1197,1198,12.0,13587.0,1.9,154.23,119.66,CA
1198,1199,1.0,154.0,1.7,120.2,149.14,SC
1199,1200,1.0,419.0,4.1,261.51,119.66,FL
1200,1201,12.0,18506.0,0.2,17.76,153.85,NJ
1201,1202,1.0,1801.0,2.9,210.59,119.66,TX
1202,1203,9.0,20628.0,3.9,286.37,119.66,TX
1203,1204,0.0,243.0,6.8,390.29,137.61,SC
1204,1205,0.0,404.0,0.6,46.0,119.66,LA
1205,1206,8.0,31871.0,1.9,134.35,119.66,SC
1206,1207,19.0,54511.0,2.4,184.7,119.66,AL
1207,1208,12.0,12618.0,1.9,127.32,119.66,LA
1208,1209,17.0,17796.0,1.6,138.71,404.78,CA
1209,1210,19.0,17189.0,1.8,138.07,119.66,CA
1210,1211,11.0,12410.0,1.2,97.32,188.0,GA
1211,1212,6.0,55137.0,4.0,259.27,175.46,PA
1212,1213,17.0,37402.0,2.6,228.49,244.71,CA
1213,1214,11.0,25638.0,4.1,321.26,119.66,PA
1214,1215,5.0,16329.0,2.7,213.3,128.21,GA
1215,1216,19.0,51560.0,7.5,506.51,284.02,TX
1216,1217,0.0,25.0,1.4,97.98,119.66,TX
1217,1218,1.0,91.0,1.7,136.9,119.66,CT
1218,1219,-1.0,10.0,1.5,82.18,119.66,TN
1219,1220,1.0,44.0,1.1,74.75,142.03,OK
1220,1221,9.0,8524.0,1.7,135.75,134.71,CA
1221,1222,1.0,660.0,2.4,181.41,119.66,NC
1222,1223,1.0,438.0,2.0,161.05,119.66,CT
1223,1224,6.0,32019.0,5.0,493.82,128.03,NJ
1224,1225,1.0,1311.0,2.1,156.27,119.66,FL
1225,1226,23.0,47287.0,1.2,107.77,119.66,CA
1226,1227,21.0,99983.0,0.6,52.96,121.54,CA
1227,1228,2.0,1101.0,1.6,156.19,145.08,NY
1228,1229,1.0,2500.0,0.9,62.42,119.66,LA
1229,1230,1.0,138.0,6.9,484.5,119.66,TX
1230,1231,1.0,526.0,5.5,427.9,119.66,TX
1231,1232,0.0,94.0,1.4,113.52,128.21,GA
1232,1233,14.0,13618.0,3.4,333.79,134.35,CA
1233,1234,12.0,41970.0,5.9,403.02,119.66,VA
1234,1235,1.0,456.0,5.4,387.23,119.66,TX
1235,1236,16.0,51516.0,6.6,418.2,200.54,PA
1236,1237,1.0,644.0,5.6,357.18,119.66,FL
1237,1238,1.0,237.0,1.2,69.88,119.66,MS
1238,1239,0.0,14.0,2.0,123.63,119.66,SD
1239,1240,9.0,73301.0,3.4,210.8,405.27,SC
1240,1241,14.0,31689.0,7.0,516.97,119.66,IA
1241,1242,15.0,53069.0,2.8,222.67,119.66,MI
1242,1243,5.0,10299.0,3.0,278.7,175.46,CA
1243,1244,0.0,5.0,1.1,64.6,117.18,NY
1244,1245,1.0,1930.0,2.4,159.3,119.66,MD
1245,1246,2.0,1777.0,2.4,150.28,175.46,FL
1246,1247,10.0,34306.0,6.5,489.64,297.89,FL
1247,1248,1.0,354.0,2.4,166.82,119.66,FL
1248,1249,1.0,632.0,1.8,179.1,119.66,NY
1249,1250,3.0,12259.0,5.3,374.09,460.58,AZ
1250,1251,8.0,14970.0,0.8,41.44,128.21,GA
1251,1252,2.0,2896.0,3.1,229.4,175.45,TN
1252,1253,0.0,300.0,5.3,307.88,119.66,LA
1253,1254,1.0,633.0,2.0,148.4,119.66,FL
1254,1255,6.0,5954.0,20.2,1903.43,184.86,NY
1255,1256,18.0,23642.0,1.3,94.69,175.46,MN
1256,1257,20.0,20171.0,3.5,198.99,119.66,PA
1257,1258,2.0,98.0,2.2,170.94,176.26,RI
1258,1259,0.0,16.0,1.2,98.03,119.66,NC
1259,1260,2.0,883.0,2.2,214.79,119.66,NY
1260,1261,10.0,27934.0,6.7,573.4,119.66,CA
1261,1262,15.0,17894.0,2.3,182.85,118.47,TX
1262,1263,16.0,16348.0,4.3,302.7,119.66,TX
1263,1264,0.0,334.0,2.7,209.95,206.14,CA
1264,1265,5.0,11932.0,2.9,208.24,175.46,TX
1265,1266,8.0,47370.0,12.9,923.41,944.14,MO
1266,1267,14.0,33466.0,4.6,326.6,175.46,TX
1267,1268,3.0,3465.0,3.8,257.31,119.66,TX
1268,1269,8.0,10500.0,2.6,169.0,118.47,AR
1269,1270,1.0,401.0,2.9,214.01,119.66,UT
1270,1271,12.0,24988.0,4.3,308.77,119.66,TX
1271,1272,11.0,17159.0,2.4,173.35,119.66,WA
1272,1273,14.0,37567.0,3.7,314.37,119.66,CA
1273,1274,21.0,61735.0,2.9,228.25,290.55,FL
1274,1275,6.0,12455.0,3.0,203.14,141.16,TX
1275,1276,14.0,32178.0,4.1,306.78,131.0,FL
1276,1277,5.0,15003.0,3.9,326.84,119.66,CA
1277,1278,0.0,16.0,3.8,327.81,119.66,CA
1278,1279,5.0,1498.0,3.0,256.0,119.66,CA
1279,1280,22.0,47213.0,6.3,528.97,175.46,TX
1280,1281,9.0,14829.0,4.5,376.9,380.83,CO
1281,1282,12.0,20510.0,2.8,186.2,55.8,MI
1282,1283,12.0,16762.0,2.8,189.6,287.76,TX
1283,1284,14.0,10254.0,4.7,364.29,1428.78,AZ
1284,1285,9.0,32622.0,7.4,586.95,57.55,NV
1285,1286,10.0,6293.0,3.7,286.01,119.66,UT
1286,1287,19.0,13643.0,4.0,349.67,175.46,CA
1287,1288,6.0,11702.0,2.0,149.14,119.66,FL
1288,1289,2.0,3744.0,12.7,912.36,364.38,NM
1289,1290,7.0,10850.0,6.7,535.38,261.93,NV
1290,1291,11.0,28320.0,2.0,118.37,119.66,WV
1291,1292,4.0,7909.0,4.5,347.07,119.66,NV
1292,1293,15.0,30478.0,1.4,77.7,119.66,MS
1293,1294,5.0,19100.0,6.3,476.72,867.68,AZ
1294,1295,6.0,17630.0,0.7,46.13,123.38,MS
1295,1296,14.0,45937.0,8.0,616.64,309.45,FL
1296,1297,14.0,19869.0,1.5,126.21,55.8,CA
1297,1298,14.0,19843.0,3.5,286.33,119.66,AZ
1298,1299,11.0,25552.0,1.4,108.88,119.66,TX
1299,1300,10.0,15622.0,9.8,715.76,471.7,AZ
1300,1301,21.0,37407.0,5.0,406.5,284.02,TX
1301,1302,19.0,20652.0,1.1,72.71,119.66,ID
1302,1303,22.0,35267.0,2.5,178.75,119.66,FL
1303,1304,6.0,6509.0,4.2,328.09,119.66,TX
1304,1305,15.0,17695.0,2.6,176.04,119.66,FL
1305,1306,12.0,16394.0,3.1,256.88,206.14,CA
1306,1307,12.0,14168.0,7.9,698.36,118.47,CA
1307,1308,13.0,12479.0,1.9,138.7,146.08,TN
1308,1309,17.0,22212.0,6.5,534.3,118.47,WA
1309,1310,1.0,1241.0,3.8,239.3,118.36,FL
1310,1311,9.0,19204.0,4.6,341.32,119.66,FL
1311,1312,17.0,17352.0,5.2,415.51,181.23,NV
1312,1313,19.0,64627.0,1.3,103.23,119.66,TX
1313,1314,15.0,21400.0,3.2,259.53,0.0,CA
1314,1315,4.0,3704.0,6.6,523.51,175.46,NV
1315,1316,8.0,14472.0,4.7,330.86,119.66,TX
1316,1317,11.0,43203.0,4.2,312.9,175.46,VA
1317,1318,0.0,1.0,1.1,88.96,119.66,MI
1318,1319,12.0,10594.0,1.3,103.07,119.66,VA
1319,1320,6.0,13301.0,4.0,250.64,0.0,TX
1320,1321,22.0,30227.0,1.5,136.36,175.46,VA
1321,1322,19.0,17932.0,1.0,75.49,119.66,TX
1322,1323,18.0,34667.0,4.6,387.6,119.66,AZ
1323,1324,10.0,17027.0,2.2,146.51,119.66,AR
1324,1325,11.0,17201.0,1.5,115.95,175.46,CA
1325,1326,21.0,26466.0,6.3,493.88,175.46,AZ
1326,1327,12.0,9600.0,2.1,173.47,119.66,AZ
1327,1328,10.0,12607.0,1.5,93.43,178.07,NC
1328,1329,8.0,17694.0,0.0,0.0,0.0,MT
1329,1330,22.0,38086.0,5.1,432.96,119.66,CA
1330,1331,3.0,5175.0,5.3,396.53,119.66,CA
1331,1332,10.0,19486.0,8.2,655.24,317.75,NV
1332,1333,6.0,5161.0,5.0,438.8,206.14,CA
1333,1334,10.0,24218.0,4.2,312.5,119.66,TX
1334,1335,1.0,5094.0,3.5,287.0,0.0,CA
1335,1336,13.0,26361.0,1.3,105.42,137.08,AZ
1336,1337,20.0,94592.0,2.1,114.8,235.07,PA
1337,1338,4.0,14542.0,2.7,218.95,128.21,GA
1338,1339,11.0,20985.0,4.9,304.63,206.48,GA
1339,1340,21.0,19263.0,8.1,744.06,284.02,CA
1340,1341,20.0,86083.0,6.6,503.1,175.46,TX
1341,1342,3.0,4017.0,0.7,56.57,126.94,TX
1342,1343,5.0,10678.0,0.7,52.37,119.66,FL
1343,1344,4.0,6064.0,2.6,192.9,119.66,FL
1344,1345,17.0,24988.0,4.4,328.66,234.75,FL
1345,1346,3.0,3566.0,3.7,293.99,119.66,OH
1346,1347,3.0,5136.0,3.6,279.1,119.66,AZ
1347,1348,6.0,59525.0,0.9,37.17,114.53,*
1348,1349,4.0,12289.0,1.5,106.05,175.46,PA
1349,1350,2.0,900.0,2.2,153.47,119.66,MA
1350,1351,8.0,14967.0,1.7,126.24,128.21,IN
1351,1352,5.0,10155.0,3.3,247.86,445.31,PA
1352,1353,12.0,64176.0,3.1,240.33,119.66,AZ
1353,1354,3.0,11995.0,1.3,83.77,119.66,FL
1354,1355,4.0,5437.0,1.2,88.84,119.66,KY
1355,1356,15.0,62100.0,6.5,456.37,175.46,MT
1356,1357,0.0,569.0,1.0,75.41,119.66,TX
1357,1358,16.0,24550.0,1.8,120.35,119.66,NC
1358,1359,1.0,1157.0,4.1,314.95,118.36,NV
1359,1360,15.0,21504.0,1.6,119.06,119.66,FL
1360,1361,15.0,29017.0,3.3,255.09,119.66,UT
1361,1362,10.0,9359.0,4.3,273.34,128.21,GA
1362,1363,5.0,31338.0,35.2,2652.37,75.17,TX
1363,1364,0.0,3.0,3.1,244.9,0.0,CO
1364,1365,2.0,2589.0,0.2,15.65,119.66,TX
1365,1366,3.0,3095.0,8.5,607.75,160.96,GA
1366,1367,4.0,2863.0,4.4,317.71,119.66,MD
1367,1368,1.0,911.0,1.2,80.46,119.66,AL
1368,1369,12.0,22492.0,1.0,75.04,213.85,FL
1369,1370,7.0,75106.0,2.3,209.73,0.0,TX
1370,1371,14.0,72079.0,2.0,169.27,119.66,AL
1371,1372,8.0,33858.0,1.7,143.24,128.21,GA
1372,1373,13.0,21179.0,8.7,689.67,175.46,CA
1373,1374,12.0,37090.0,0.0,0.0,0.0,PA
1374,1375,0.0,15.0,4.2,366.13,167.52,NJ
1375,1376,11.0,38100.0,2.2,183.45,120.02,CA
1376,1377,2.0,1016.0,0.9,43.41,119.66,ME
1377,1378,9.0,12333.0,4.2,372.54,128.21,IL
1378,1379,12.0,21101.0,1.4,96.2,119.66,FL
1379,1380,3.0,20426.0,1.7,133.45,119.66,KS
1380,1381,-1.0,122.0,1.7,142.24,119.66,MA
1381,1382,6.0,2069.0,3.5,277.46,119.66,WA
1382,1383,0.0,177.0,0.8,58.21,119.66,NC
1383,1384,4.0,5071.0,5.5,426.3,175.46,AZ
1384,1385,-1.0,34473.0,11.8,933.61,1942.55,CA
1385,1386,19.0,23081.0,2.5,174.96,119.66,FL
1386,1387,15.0,25627.0,3.5,264.74,239.05,FL
1387,1388,11.0,26348.0,2.3,183.28,196.82,KS
1388,1389,2.0,1309.0,24.4,1492.31,621.95,TX
1389,1390,10.0,24130.0,5.1,364.98,404.78,FL
1390,1391,0.0,45.0,2.6,186.43,119.66,TX
1391,1392,16.0,27665.0,1.6,86.54,206.48,GA
1392,1393,16.0,64702.0,4.3,296.39,322.18,TN
1393,1394,5.0,8707.0,3.5,319.56,175.46,CA
1394,1395,0.0,523.0,5.2,400.9,119.66,FL
1395,1396,9.0,23431.0,5.3,435.22,119.66,WA
1396,1397,17.0,52756.0,2.6,188.54,119.66,TX
1397,1398,13.0,5301.0,0.8,58.75,119.66,NC
1398,1399,17.0,11065.0,2.0,128.21,119.66,AL
1399,1400,1.0,587.0,4.3,297.86,119.66,NC
1400,1401,9.0,14937.0,2.6,202.24,119.66,MD
1401,1402,1.0,203.0,1.2,94.73,12.64,WA
1402,1403,7.0,10454.0,1.8,138.01,119.66,LA
1403,1404,17.0,43898.0,0.7,57.92,119.66,UT
1404,1405,10.0,22321.0,0.7,61.25,41.08,VA
1405,1406,8.0,6441.0,4.1,381.76,214.89,HI
1406,1407,2.0,116.0,1.8,144.0,119.66,OR
1407,1408,1.0,173.0,2.4,174.62,119.66,NC
1408,1409,2.0,347.0,2.2,160.07,119.66,NC
1409,1410,17.0,41531.0,2.8,210.0,322.18,SD
1410,1411,14.0,31208.0,0.7,53.67,133.59,LA
1411,1412,0.0,290.0,1.8,149.02,140.66,MD
1412,1413,10.0,72355.0,5.3,340.08,281.1,LA
1413,1414,4.0,1625.0,4.3,288.55,119.66,TX
1414,1415,0.0,191.0,2.2,160.08,119.66,NC
1415,1416,5.0,9725.0,1.7,134.47,175.46,VA
1416,1417,13.0,18526.0,1.1,99.24,119.66,VA
1417,1418,17.0,31761.0,4.6,364.48,0.0,MD
1418,1419,20.0,91271.0,1.5,99.88,128.21,GA
1419,1420,1.0,119.0,2.5,193.18,175.46,CA
1420,1421,13.0,17922.0,4.7,374.25,119.66,MI
1421,1422,-1.0,622.0,1.9,156.91,128.21,GA
1422,1423,5.0,1.0,2.9,230.02,38.36,MI
1423,1424,16.0,23824.0,5.3,535.92,119.66,NY
1424,1425,17.0,40363.0,1.2,92.89,119.66,VA
1425,1426,13.0,28801.0,5.3,425.26,121.21,CA
1426,1427,5.0,11565.0,4.6,442.98,221.71,NJ
1427,1428,9.0,13730.0,7.6,612.48,175.46,CA
1428,1429,6.0,4720.0,1.2,104.32,119.66,MA
1429,1430,6.0,11192.0,11.1,701.63,311.14,TN
1430,1431,14.0,23553.0,3.4,289.37,119.66,CO
1431,1432,14.0,40719.0,1.9,107.55,176.44,MO
1432,1433,8.0,4952.0,0.4,22.8,119.66,PA
1433,1434,14.0,34402.0,2.1,142.31,175.46,TX
1434,1435,12.0,21559.0,8.1,598.23,820.86,IA
1435,1436,2.0,329.0,2.6,185.64,9.73,CT
1436,1437,19.0,21192.0,7.1,498.47,260.67,MT
1437,1438,3.0,4001.0,1.6,102.49,138.19,MO
1438,1439,1.0,1597.0,0.5,33.05,119.66,KS
1439,1440,22.0,32750.0,0.8,69.55,119.66,MA
1440,1441,12.0,37153.0,1.6,98.5,119.66,FL
1441,1442,3.0,5412.0,3.9,219.57,119.66,KY
1442,1443,20.0,32387.0,5.2,378.87,322.18,SC
1443,1444,19.0,45273.0,7.8,543.35,944.04,TX
1444,1445,6.0,10493.0,9.8,536.58,371.24,NY
1445,1446,13.0,51313.0,3.1,190.01,119.66,OK
1446,1447,15.0,41833.0,1.7,107.78,206.14,OK
1447,1448,10.0,29132.0,4.4,343.71,206.14,TX
1448,1449,19.0,18423.0,5.1,524.61,175.46,CA
1449,1450,12.0,62728.0,0.2,14.04,119.66,TX
1450,1451,12.0,12891.0,5.1,432.96,119.66,CA
1451,1452,16.0,23584.0,4.8,407.77,175.46,CA
1452,1453,19.0,33086.0,2.0,151.41,119.66,WY
1453,1454,14.0,27732.0,1.7,111.69,119.66,MO
1454,1455,12.0,13304.0,6.4,341.01,299.63,AR
1455,1456,8.0,13785.0,2.5,203.51,119.66,TX
1456,1457,18.0,12666.0,0.7,49.67,119.66,NC
1457,1458,17.0,11977.0,5.6,397.37,404.78,NC
1458,1459,5.0,5065.0,9.0,557.57,316.56,NC
1459,1460,-1.0,56.0,4.4,279.7,0.0,GA
1460,1461,16.0,43186.0,2.5,175.99,119.66,TX
1461,1462,14.0,8883.0,1.9,130.15,175.46,CO
1462,1463,3.0,10471.0,6.7,444.77,654.28,OK
1463,1464,20.0,25541.0,1.6,114.61,119.66,OK
1464,1465,11.0,46483.0,2.0,132.74,119.66,TX
1465,1466,4.0,7094.0,2.4,176.41,126.81,GA
1466,1467,16.0,27723.0,1.2,83.98,119.66,FL
1467,1468,1.0,682.0,1.3,85.49,119.66,TX
1468,1469,11.0,14521.0,7.3,517.99,119.66,NC
1469,1470,14.0,35720.0,0.0,0.0,0.0,MA
1470,1471,10.0,14117.0,4.3,302.72,0.0,FL
1471,1472,13.0,14861.0,4.8,365.89,119.66,NC
1472,1473,9.0,33194.0,3.2,220.38,119.66,TX
1473,1474,1.0,2286.0,4.7,355.63,119.66,CT
1474,1475,4.0,15401.0,0.2,11.84,128.21,GA
1475,1476,20.0,38966.0,6.3,468.44,119.66,FL
1476,1477,13.0,41072.0,5.3,393.26,119.66,FL
1477,1478,9.0,31993.0,0.0,0.0,0.0,OK
1478,1479,5.0,16535.0,2.5,196.46,191.97,PA
1479,1480,9.0,11152.0,0.6,54.06,145.56,NJ
1480,1481,2.0,1579.0,1.2,64.37,119.66,MO
1481,1482,16.0,16016.0,1.7,116.12,119.66,PA
1482,1483,10.0,23118.0,3.7,229.89,119.66,TX
1483,1484,12.0,14099.0,4.1,247.11,937.07,ME
1484,1485,10.0,7367.0,2.1,191.3,153.16,NJ
1485,1486,14.0,15497.0,6.6,508.82,119.66,FL
1486,1487,-1.0,226.0,1.1,75.9,123.06,PA
1487,1488,0.0,125.0,2.5,115.95,119.66,WV
1488,1489,8.0,30595.0,0.4,24.86,119.66,PA
1489,1490,16.0,42067.0,4.1,318.67,175.46,ME
1490,1491,8.0,7778.0,1.3,104.0,123.36,WI
1491,1492,12.0,3119.0,0.9,37.66,188.0,IL
1492,1493,17.0,13603.0,0.0,0.0,0.0,WI
1493,1494,3.0,8541.0,3.2,151.11,345.98,GA
1494,1495,3.0,2327.0,1.6,134.02,119.66,CO
1495,1496,13.0,13521.0,2.8,168.0,118.47,SC
1496,1497,-1.0,6.0,0.8,59.76,119.66,CT
1497,1498,19.0,49050.0,1.0,63.09,177.01,KS
1498,1499,14.0,12162.0,2.2,143.44,119.66,MO
1499,1500,6.0,8123.0,0.2,12.78,119.66,KS
1500,1501,7.0,6905.0,1.8,96.87,119.66,PA
1501,1502,6.0,3296.0,1.5,80.8,119.66,MT
1502,1503,17.0,66301.0,2.3,167.44,121.54,TX
1503,1504,3.0,200.0,1.3,92.9,118.47,WI
1504,1505,4.0,2188.0,2.4,202.47,225.6,NJ
1505,1506,2.0,5103.0,5.5,374.0,1.85,FL
1506,1507,13.0,34379.0,2.0,104.93,119.66,MO
1507,1508,0.0,41.0,3.0,177.7,118.36,NY
1508,1509,14.0,31196.0,4.3,319.47,175.46,TX
1509,1510,6.0,5777.0,5.4,398.61,129.24,OK
1510,1511,17.0,72173.0,2.7,174.24,119.66,TX
1511,1512,10.0,20781.0,4.6,345.34,219.38,OK
1512,1513,19.0,32124.0,3.0,200.59,348.01,TX
1513,1514,4.0,1392.0,3.2,248.83,206.14,CA
1514,1515,7.0,17610.0,12.9,1186.8,1859.15,NV
1515,1516,17.0,16612.0,5.7,422.94,119.66,FL
1516,1517,1.0,5.0,2.4,166.83,119.66,TX
1517,1518,6.0,17334.0,1.7,137.86,128.21,GA
1518,1519,17.0,32384.0,3.3,236.33,215.84,TN
1519,1520,11.0,40962.0,2.1,160.02,136.91,ID
1520,1521,1.0,411.0,1.5,87.35,128.21,IN
1521,1522,0.0,5.0,4.2,384.36,117.18,CA
1522,1523,6.0,17212.0,0.7,52.96,131.03,CT
1523,1524,6.0,17211.0,10.3,779.35,1583.62,CT
1524,1525,2.0,447.0,0.0,0.0,0.0,VA
1525,1526,1.0,242.0,5.3,358.81,119.66,OK
1526,1527,5.0,21014.0,1.1,88.95,128.21,GA
1527,1528,3.0,4748.0,1.9,136.37,119.66,FL
1528,1529,6.0,15516.0,2.3,109.92,119.66,NE
1529,1530,13.0,27474.0,1.8,135.18,119.66,FL
1530,1531,11.0,63333.0,12.7,844.82,0.0,FL
1531,1532,16.0,95227.0,6.8,551.43,128.21,GA
1532,1533,11.0,16497.0,5.9,525.69,122.76,MA
1533,1534,0.0,22.0,5.7,445.27,119.66,TX
1534,1535,18.0,7650.0,5.9,494.63,119.66,CA
1535,1536,13.0,15080.0,0.0,0.0,0.0,NJ
1536,1537,8.0,22584.0,10.9,859.52,393.09,TX
1537,1538,8.0,30490.0,6.0,450.2,206.14,FL
1538,1539,15.0,15743.0,6.4,447.89,175.46,WA
1539,1540,13.0,20593.0,1.7,137.86,128.21,GA
1540,1541,11.0,35033.0,1.4,97.7,53.49,KS
1541,1542,5.0,7632.0,3.1,264.99,119.66,WA
1542,1543,4.0,7459.0,8.2,608.44,119.66,FL
1543,1544,20.0,55202.0,5.8,413.34,1212.08,OH
1544,1545,6.0,12350.0,0.9,69.54,119.66,WA
1545,1546,0.0,11327.0,1.7,136.35,346.24,CA
1546,1547,14.0,40966.0,2.5,193.78,201.0,AZ
1547,1548,10.0,39482.0,2.9,167.08,175.46,OK
1548,1549,19.0,29047.0,2.6,235.35,0.0,CA
1549,1550,12.0,50272.0,8.7,512.12,2107.07,AL
1550,1551,18.0,56451.0,6.5,450.45,965.12,FL
1551,1552,3.0,10853.0,6.5,440.92,175.46,PA
1552,1553,8.0,14746.0,0.7,55.27,119.66,OR
1553,1554,12.0,15697.0,0.2,14.4,119.66,FL
1554,1555,4.0,7522.0,1.9,158.77,160.34,NJ
1555,1556,14.0,22911.0,7.0,535.56,180.12,FL
1556,1557,7.0,16963.0,1.5,93.24,0.0,SD
1557,1558,7.0,19539.0,1.5,93.0,175.46,NC
1558,1559,6.0,20257.0,3.6,269.7,188.0,IN
1559,1560,19.0,42000.0,2.4,269.19,175.46,CA
1560,1561,18.0,31241.0,3.5,251.04,119.66,NC
1561,1562,8.0,10626.0,3.3,235.85,287.56,KY
1562,1563,9.0,19006.0,1.3,94.51,128.21,GA
1563,1564,10.0,19350.0,5.1,370.77,345.2,GA
1564,1565,6.0,14174.0,0.9,67.47,0.0,AZ
1565,1566,12.0,16678.0,2.2,154.49,174.27,LA
1566,1567,2.0,2389.0,3.4,285.03,338.48,UT
1567,1568,10.0,26163.0,2.2,150.85,175.46,FL
1568,1569,8.0,40212.0,1.2,111.6,143.48,NY
1569,1570,0.0,3.0,0.7,44.43,0.0,PA
1570,1571,6.0,7966.0,1.0,46.17,119.66,IA
1571,1572,5.0,2184.0,1.0,74.5,44.0,VA
1572,1573,13.0,18846.0,10.9,716.7,373.12,PA
1573,1574,8.0,13922.0,1.0,73.0,175.46,MN
1574,1575,1.0,414.0,6.3,540.32,284.02,MA
1575,1576,21.0,83836.0,1.6,129.88,119.66,CA
1576,1577,0.0,2.0,0.6,38.08,0.0,PA
1577,1578,1.0,187.0,1.7,139.08,118.47,VA
1578,1579,2.0,1397.0,8.2,461.17,119.66,VT
1579,1580,8.0,15755.0,15.7,981.25,1030.24,PA
1580,1581,1.0,1042.0,2.0,153.51,23.13,NV
1581,1582,0.0,1.0,0.3,19.04,0.0,PA
1582,1583,9.0,14558.0,2.3,162.63,339.9,NY
1583,1584,5.0,6794.0,0.4,28.36,119.66,NC
1584,1585,0.0,2.0,0.2,12.69,2.81,PA
1585,1586,0.0,108.0,0.7,52.93,132.89,PA
1586,1587,9.0,30640.0,4.3,297.54,175.46,FL
1587,1588,9.0,30735.0,8.9,615.82,858.49,FL
1588,1589,13.0,19030.0,1.8,129.7,119.66,NY
1589,1590,0.0,167.0,1.0,75.14,119.66,CT
1590,1591,2.0,841.0,1.8,148.79,119.66,MA
1591,1592,0.0,5.0,4.4,338.22,117.18,MI
1592,1593,15.0,34018.0,4.1,298.75,119.66,FL
1593,1594,19.0,63904.0,4.4,339.97,261.16,TX
1594,1595,20.0,65651.0,5.0,386.33,175.46,TX
1595,1596,7.0,496.0,1.4,91.51,119.66,LA
1596,1597,7.0,14422.0,0.7,48.66,131.7,FL
1597,1598,9.0,11229.0,2.6,176.06,119.66,TX
1598,1599,18.0,14233.0,4.4,385.77,153.16,NJ
1599,1600,6.0,14155.0,2.0,155.4,119.66,RI
1600,1601,1.0,405.0,1.4,136.69,119.66,NY
1601,1602,1.0,444.0,1.6,141.76,119.66,NY
1602,1603,17.0,75587.0,5.0,421.29,128.21,GA
1603,1604,19.0,35645.0,3.0,189.9,188.0,GA
1604,1605,9.0,16481.0,1.3,85.33,119.66,PA
1605,1606,12.0,30104.0,2.1,220.82,17.76,CA
1606,1607,10.0,27328.0,0.6,44.69,175.46,TX
1607,1608,16.0,56013.0,4.2,281.4,119.66,TX
1608,1609,5.0,7131.0,0.2,9.45,119.66,VT
1609,1610,0.0,115.0,3.4,261.57,146.25,NJ
1610,1611,13.0,32894.0,0.7,49.1,123.69,TN
1611,1612,12.0,17432.0,13.2,982.19,651.81,FL
1612,1613,7.0,15085.0,4.6,340.71,119.66,AL
1613,1614,15.0,31720.0,10.0,695.09,192.89,FL
1614,1615,2.0,6740.0,3.8,205.14,407.0,FL
1615,1616,9.0,47314.0,5.6,356.69,119.66,FL
1616,1617,12.0,13073.0,3.9,273.54,132.86,OK
1617,1618,15.0,29786.0,0.7,55.78,126.51,KS
1618,1619,1.0,147.0,0.8,78.11,119.66,NY
1619,1620,11.0,15565.0,33.9,3234.41,2046.03,HI
1620,1621,0.0,2.0,2.1,185.08,0.0,CA
1621,1622,14.0,17195.0,4.5,318.1,371.59,IL
1622,1623,13.0,28125.0,3.5,306.53,152.05,NJ
1623,1624,23.0,33011.0,1.8,129.04,119.66,PA
